icao24,callsign,origin_country,time_position,last_contact,longitude,latitude,baro_altitude,on_ground,velocity,true_track,vertical_rate,sensors,geo_altitude,squawk,spi,position_source
80162c,AXB373,India,2026-09-07 09:06:08,2026-09-07 09:06:08,50.8076,26.4658,1836.42,False,137.87,270.43,-5.2,,1927.86,4721,False,0
80162d,AXB846,India,2026-09-07 09:06:08,2026-09-07 09:06:08,51.0752,22.6233,10668.0,False,236.59,101.29,0.0,,11407.14,4536,False,0
801638,AXB1806,India,2026-09-07 09:05:09,2026-09-07 09:05:10,73.1243,18.9904,2910.84,False,121.45,91.46,-3.9,,2987.04,,False,0
39de4b,TVF28CY,France,2026-09-07 09:06:08,2026-09-07 09:06:08,20.2129,36.981,11582.4,False,215.15,293.68,0.0,,12306.3,,False,0
39de4a,TVF8964,France,2026-09-07 09:05:51,2026-09-07 09:05:52,6.5293,39.3864,11887.2,False,225.93,157.93,0.0,,12542.52,7651,False,0
39de58,TVF99PC,France,2026-09-07 09:06:05,2026-09-07 09:06:05,23.9434,37.9281,,True,0.0,36.56,,,,,False,0
80162f,AIC9ZL,India,2026-09-07 09:06:09,2026-09-07 09:06:09,75.8697,26.8723,9761.22,False,199.22,211.27,0.0,,10386.06,,False,0
80163d,IGO6551,India,2026-09-07 09:06:07,2026-09-07 09:06:08,91.2714,26.2188,11285.22,False,227.57,81.94,0.0,,12054.84,0572,False,0
801648,IGO311E,India,2026-09-07 09:06:09,2026-09-07 09:06:09,77.4389,28.7765,2438.4,False,120.91,180.98,0.0,,2484.12,,False,0
801650,AXB2817,India,2026-09-07 09:03:51,2026-09-07 09:03:51,81.4872,19.6195,11582.4,False,239.42,218.54,0.0,,12298.68,,False,0
801657,AIC5DM,India,2026-09-07 09:03:16,2026-09-07 09:03:17,77.3453,11.544,3467.1,False,153.54,202.87,-10.4,,3581.4,,False,0
801615,AXB1390,India,2026-09-07 09:06:08,2026-09-07 09:06:08,79.217,27.9521,8961.12,False,214.31,303.35,-4.23,,9525.0,,False,0
aa9300,UAL983,United States,2026-09-07 09:06:04,2026-09-07 09:06:04,23.9479,37.9357,,True,0.0,306.56,,,,,False,0
801619,IGO942C,India,2026-09-07 09:05:01,2026-09-07 09:05:01,85.5262,26.214,1767.84,False,122.38,78.36,-8.45,,1790.7,,False,0
801629,IGO7VH,India,2026-09-07 09:06:09,2026-09-07 09:06:09,87.2703,23.3799,4450.08,False,110.74,294.42,7.48,,4610.1,1417,False,0
39de45,TVF18UU,France,2026-09-07 09:06:08,2026-09-07 09:06:08,15.337,37.5929,3048.0,False,151.12,38.78,16.26,,3322.32,,False,0
39de48,TVF49MD,France,2026-09-07 09:06:08,2026-09-07 09:06:09,14.952,39.2909,11285.22,False,235.54,131.1,0.0,,11955.78,1215,False,0
80161e,AKJ1807,India,2026-09-07 09:06:07,2026-09-07 09:06:08,80.7426,26.8243,11277.6,False,231.0,115.88,0.0,,12009.12,,False,0
39de42,TVF24SV,France,2026-09-07 09:06:09,2026-09-07 09:06:09,-8.4526,39.3502,6949.44,False,201.92,44.07,11.05,,7475.22,2277,False,0
39de44,TVF17EZ,France,2026-09-07 09:06:08,2026-09-07 09:06:08,24.5033,39.4088,11269.98,False,237.22,136.05,-0.33,,11940.54,0654,False,0
80166a,AKJ626,India,2026-09-07 09:06:08,2026-09-07 09:06:08,86.9321,22.348,11582.4,False,246.14,298.87,-0.33,,12344.4,7077,False,0
a950e2,N7LM,United States,2026-09-07 09:06:06,2026-09-07 09:06:08,75.8154,27.121,5356.86,False,118.05,27.79,10.73,,5600.7,,False,0
801685,AXB13K,India,2026-09-07 09:06:08,2026-09-07 09:06:08,88.4416,22.6443,,True,4.63,185.62,,,,2713,False,0
801687,VTXIC,India,2026-09-07 09:06:09,2026-09-07 09:06:09,70.1079,22.8797,1417.32,False,58.64,277.56,-1.95,,1394.46,,False,0
80167c,,India,2026-09-07 09:04:47,2026-09-07 09:05:01,90.4448,26.4368,6812.28,False,204.52,277.66,5.2,,7200.9,,False,0
801698,AXB1810,India,2026-09-07 09:05:54,2026-09-07 09:05:54,74.6812,14.6537,11887.2,False,222.95,154.14,0.0,,12595.86,,False,0
80164a,VTXIB,India,2026-09-07 09:06:08,2026-09-07 09:06:08,70.4703,22.6786,2476.5,False,64.84,321.77,-0.98,,2537.46,,False,0
80164f,AIC7ZZ,India,2026-09-07 09:06:04,2026-09-07 09:06:04,77.0906,28.5622,,True,0.0,194.06,,,,,False,0
471efa,WMT9XU,Hungary,2026-09-07 09:06:08,2026-09-07 09:06:08,2.2582,39.1745,10607.04,False,236.36,66.39,10.08,,11224.26,1420,False,0
4bc8a7,TCREG,Turkey,2026-09-07 09:06:08,2026-09-07 09:06:09,29.7206,37.1808,6499.86,False,230.41,98.47,-7.48,,6918.96,1012,False,0
00b230,SAA062,South Africa,2026-09-07 09:06:08,2026-09-07 09:06:09,28.259,-25.8678,3954.78,False,157.94,0.56,13.66,,4251.96,,False,0
801669,IGO697H,India,2026-09-07 09:06:08,2026-09-07 09:06:08,88.0614,22.6739,4747.26,False,145.58,261.67,14.31,,4945.38,2636,False,0
46b83a,AEE307,Greece,2026-09-07 09:06:08,2026-09-07 09:06:08,24.905,35.9391,5326.38,False,194.43,339.07,8.45,,5715.0,,False,0
4bc8cd,PGT619,Turkey,2026-09-07 09:06:07,2026-09-07 09:06:09,31.55,30.6508,10972.8,False,235.58,342.2,0.0,,11772.9,7322,False,0
4bc8cb,PGT859,Turkey,2026-09-07 09:06:08,2026-09-07 09:06:08,37.4517,34.16,11590.02,False,207.95,306.25,0.0,,12329.16,,False,0
80168a,AXB2882,India,2026-09-07 09:06:08,2026-09-07 09:06:08,82.4293,20.1066,10972.8,False,238.32,232.19,-0.33,,11658.6,,False,0
46b82b,AEE7LD,Greece,2026-09-07 09:06:08,2026-09-07 09:06:08,-0.5872,39.674,10668.0,False,237.53,276.22,0.0,,11330.94,1000,False,0
80169c,IGO2453,India,2026-09-07 09:06:07,2026-09-07 09:06:08,81.4041,26.6012,11269.98,False,230.77,116.05,-0.33,,12016.74,,False,0
8851ec,THA324,Thailand,2026-09-07 09:06:08,2026-09-07 09:06:08,93.2491,18.1966,11277.6,False,233.28,133.3,0.0,,11993.88,0523,False,0
440214,AOJ78Z,Austria,2026-09-07 09:06:08,2026-09-07 09:06:08,25.3121,36.7015,3489.96,False,146.41,304.7,18.53,,3756.66,,False,0
46b835,AEE3LK,Greece,2026-09-07 09:04:16,2026-09-07 09:04:16,23.9536,37.9425,,True,8.75,126.56,,,,6673,False,0
8851e6,THA613,Thailand,2026-09-07 09:06:09,2026-09-07 09:06:09,100.6102,14.0113,2438.4,False,116.59,175.7,-2.6,,2506.98,,False,0
46b828,AEE5CO,Greece,2026-09-07 09:06:08,2026-09-07 09:06:08,19.8354,38.5365,11277.6,False,249.09,106.19,-0.33,,11963.4,,False,0
46b827,AEE111,Greece,2026-09-07 09:06:08,2026-09-07 09:06:08,23.9534,37.939,,True,9.77,244.69,,,,,False,0
440224,EJU97VT,Austria,2026-09-07 09:06:09,2026-09-07 09:06:09,-9.1571,38.7419,182.88,False,72.14,23.09,-3.9,,327.66,2652,False,0
8014b2,IGO881,India,2026-09-07 09:06:04,2026-09-07 09:06:04,79.473,12.4266,7482.84,False,206.61,217.41,9.75,,7818.12,,False,0
4aca84,NSZ21U,Sweden,2026-09-07 09:06:08,2026-09-07 09:06:08,-5.0242,37.2366,3985.26,False,158.46,179.26,-8.78,,4366.26,0762,False,0
4aca98,,Sweden,2026-09-07 09:04:44,2026-09-07 09:04:44,-11.5276,34.8208,10363.2,False,248.12,22.68,0.0,,11018.52,,False,0
8014e8,,India,2026-09-07 09:04:27,2026-09-07 09:04:27,72.8415,18.8876,3482.34,False,131.46,96.29,-7.15,,3604.26,,False,0
4400ee,RVP366,Austria,2026-09-07 09:06:08,2026-09-07 09:06:08,-8.5333,38.8315,693.42,False,51.78,20.96,0.0,,838.2,1333,False,0
8014dc,IGO6729,India,2026-09-07 09:06:08,2026-09-07 09:06:08,88.8389,23.1279,5410.2,False,200.53,204.4,-10.73,,5669.28,2615,False,0
8014de,IGO697J,India,2026-09-07 09:06:09,2026-09-07 09:06:09,73.9201,15.3978,495.3,False,66.59,258.86,-3.58,,434.34,,False,0
4520d3,EGT373,Bulgaria,2026-09-07 09:06:08,2026-09-07 09:06:08,25.3711,36.9886,13106.4,False,192.11,296.57,0.0,,13853.16,2307,False,0
4520d0,LZB8884,Bulgaria,2026-09-07 09:06:09,2026-09-07 09:06:09,12.7814,37.7599,10370.82,False,243.89,34.86,5.53,,11010.9,6132,False,0
e48ba9,TAM8076,Brazil,2026-09-07 09:06:08,2026-09-07 09:06:08,-14.3678,29.7851,10972.8,False,260.56,43.4,0.0,,11643.36,,False,0
8014c4,AIC2356,India,2026-09-07 09:06:09,2026-09-07 09:06:09,99.7944,14.2318,8168.64,False,213.32,299.47,4.88,,8656.32,,False,0
8014bb,IGO603Y,India,2026-09-07 09:03:12,2026-09-07 09:05:30,74.8833,15.6478,8923.02,False,249.02,89.17,2.28,,9502.14,,False,0
8014d0,AIC6MF,India,2026-09-07 09:06:08,2026-09-07 09:06:08,72.7941,19.1566,1074.42,False,131.76,308.66,13.33,,1036.32,,False,0
4a2022,HLJ1CD,Romania,2026-09-07 09:06:09,2026-09-07 09:06:09,12.3194,38.0329,11277.6,False,220.87,193.19,0.0,,11948.16,7350,False,0
00895b,ZSBPD,South Africa,2026-09-07 09:02:32,2026-09-07 09:02:32,28.1844,-25.6329,1516.38,False,65.46,183.6,-1.95,,1714.5,,False,0
4bb64b,KOC11,Turkey,2026-09-07 09:06:07,2026-09-07 09:06:07,27.2518,37.8565,8968.74,False,233.12,337.28,4.55,,9555.48,,False,0
4400dc,EJU17HZ,Austria,2026-09-07 09:06:08,2026-09-07 09:06:08,-4.6823,39.665,10363.2,False,238.3,28.78,0.0,,11056.62,4540,False,0
8014fe,AKJ1406,India,2026-09-07 09:06:08,2026-09-07 09:06:08,76.763,27.2823,7528.56,False,211.62,193.5,5.2,,7947.66,,False,0
469c36,SXGAV,Greece,2026-09-07 09:05:59,2026-09-07 09:05:59,23.144,37.2766,830.58,False,47.22,82.49,-0.33,,944.88,,False,0
801602,AIC1KB,India,2026-09-07 09:06:03,2026-09-07 09:06:03,76.2137,31.5419,9700.26,False,211.86,150.95,-4.55,,10325.1,,False,0
801603,AIC238,India,2026-09-07 09:04:42,2026-09-07 09:04:42,90.4021,23.8504,,True,0.0,53.44,,,,0535,False,0
801604,AXB847,India,2026-09-07 09:03:57,2026-09-07 09:04:16,50.1515,26.3797,2293.62,False,145.7,323.62,-8.13,,2423.16,3554,False,0
008950,N,South Africa,2026-09-07 09:01:27,2026-09-07 09:01:27,18.5961,-33.9794,-7.62,False,15.47,356.19,-2.6,,91.44,,False,0
80174a,IGO69TA,India,2026-09-07 09:06:07,2026-09-07 09:06:07,88.4412,22.6407,,True,5.14,185.62,,,,1423,False,0
80175f,IGO6431,India,2026-09-07 09:06:08,2026-09-07 09:06:08,76.3919,28.3728,3657.6,False,162.66,63.11,0.65,,3787.14,,False,0
80175d,VTBMS,India,2026-09-07 09:06:07,2026-09-07 09:06:07,77.6382,28.9115,510.54,False,54.15,128.83,-0.33,,403.86,,False,0
801768,IGO6031,India,2026-09-07 09:06:08,2026-09-07 09:06:08,77.1942,26.5573,9342.12,False,233.83,357.23,-9.1,,9936.48,,False,0
801771,SDG235,India,2026-09-07 09:06:07,2026-09-07 09:06:07,77.3467,28.7061,,True,4.63,90.0,,,,,False,0
80172c,IGO612J,India,2026-09-07 09:02:38,2026-09-07 09:02:38,76.9174,24.7151,10668.0,False,229.63,177.69,0.33,,11361.42,,False,0
801751,IGO7143,India,2026-09-07 09:06:01,2026-09-07 09:06:01,79.279,12.5679,4267.2,False,115.04,334.01,-0.33,,4404.36,,False,0
801750,,India,2026-09-07 09:05:29,2026-09-07 09:05:29,75.0583,15.4044,7299.96,False,203.17,312.54,-6.18,,7719.06,,False,0
00c45d,SFR605,South Africa,2026-09-07 09:06:08,2026-09-07 09:06:08,27.459,-27.0476,7132.32,False,221.25,40.1,-10.4,,7589.52,,False,0
490688,RVP951,Portugal,2026-09-07 09:06:09,2026-09-07 09:06:09,-8.9252,37.5865,3025.14,False,106.06,148.08,-2.28,,3322.32,3360,False,0
80179b,AKJ619,India,2026-09-07 09:06:08,2026-09-07 09:06:08,85.5634,17.109,10972.8,False,243.44,284.56,0.0,,11643.36,,False,0
778822,FYC761,Syrian Arab Republic,2026-09-07 09:06:08,2026-09-07 09:06:08,51.807,26.5456,10066.02,False,241.34,109.94,-0.33,,10767.06,5761,False,0
80177b,AXB241,India,2026-09-07 09:06:09,2026-09-07 09:06:09,94.3575,14.8872,9753.6,False,237.96,239.61,-0.33,,10378.44,,False,0
00b101,LNK763S,South Africa,2026-09-07 09:06:08,2026-09-07 09:06:08,27.1446,-26.4097,7993.38,False,188.1,247.99,8.45,,8458.2,,False,0
00b102,LNK915G,South Africa,2026-09-07 09:06:09,2026-09-07 09:06:09,28.5323,-26.1911,4191.0,False,181.07,167.03,7.15,,4503.42,,False,0
801793,IGO390M,India,2026-09-07 09:06:08,2026-09-07 09:06:08,75.7037,26.5085,10972.8,False,223.2,200.65,0.0,,11696.7,,False,0
3443d5,VLG4HQ,Spain,2026-09-07 09:06:07,2026-09-07 09:06:09,3.3392,39.413,9144.0,False,222.12,61.65,0.33,,9738.36,1426,False,0
440389,EJU69XP,Austria,2026-09-07 09:06:09,2026-09-07 09:06:09,-14.438,28.4316,11277.6,False,221.16,235.9,0.0,,11971.02,,False,0
8016a7,AIC4LZ,India,2026-09-07 09:06:09,2026-09-07 09:06:09,77.0511,28.5751,845.82,False,101.94,284.32,8.45,,769.62,,False,0
8016a5,IGO6011,India,2026-09-07 09:05:58,2026-09-07 09:06:03,78.4848,11.9831,10058.4,False,221.01,56.2,-0.33,,10660.38,,False,0
76b861,TGW639,Singapore,2026-09-07 09:02:03,2026-09-07 09:02:03,101.1513,11.941,8031.48,False,241.29,170.8,5.53,,,,False,0
76b869,TGW674,Singapore,2026-09-07 09:02:14,2026-09-07 09:02:14,100.0783,14.9086,9044.94,False,235.2,358.37,-1.95,,9761.22,,False,0
4bb4e3,,Turkey,2026-09-07 09:06:08,2026-09-07 09:06:08,30.748,38.5055,9105.9,False,230.35,352.56,6.5,,9646.92,2362,False,0
44033e,EJU32EV,Austria,2026-09-07 09:06:09,2026-09-07 09:06:09,-0.5291,38.8429,5433.06,False,158.98,242.85,-6.83,,5897.88,7715,False,0
46b927,SEH2FI,Greece,2026-09-07 09:06:06,2026-09-07 09:06:06,20.8085,39.068,10363.2,False,222.3,303.58,0.0,,11010.9,,False,0
39dde6,OYO1,France,2026-09-07 09:06:08,2026-09-07 09:06:08,1.3632,38.8706,,True,8.23,244.69,,,,,False,0
8015c7,IGO417C,India,2026-09-07 08:59:44,2026-09-07 09:03:10,80.9205,13.9422,8961.12,False,233.66,36.95,5.2,,9593.58,,False,0
8015d2,IGO7736,India,2026-09-07 09:03:51,2026-09-07 09:03:51,77.7527,13.1892,1043.94,False,60.21,268.53,-2.6,,998.22,,False,0
8015d3,IGO6147,India,2026-09-07 09:01:48,2026-09-07 09:01:48,77.7559,13.1892,1066.8,False,77.17,270.0,-2.93,,1005.84,,False,0
8015ce,IGO753P,India,2026-09-07 09:06:08,2026-09-07 09:06:08,80.1901,27.2942,11582.4,False,250.43,310.17,0.0,,12352.02,0467,False,0
8015d9,IGO5338,India,2026-09-07 09:06:08,2026-09-07 09:06:09,77.766,28.1831,9113.52,False,221.65,221.24,4.23,,9692.64,,False,0
0180b4,BRQ214,Libyan Arab Jamahiriya,2026-09-07 09:06:09,2026-09-07 09:06:09,17.4482,33.7295,10668.0,False,249.56,125.69,-0.33,,11399.52,6140,False,0
8015ad,IGO230,India,2026-09-07 09:04:22,2026-09-07 09:04:27,72.7305,18.9854,2926.08,False,153.01,176.92,12.03,,3002.28,,False,0
885310,THA112,Thailand,2026-09-07 09:06:08,2026-09-07 09:06:08,99.0145,18.326,3375.66,False,117.51,310.38,-11.7,,3558.54,,False,0
8015fc,IGO7515,India,2026-09-07 09:05:49,2026-09-07 09:05:49,79.8111,12.712,5593.08,False,156.15,209.18,13.33,,5532.12,,False,0
885307,THA322,Thailand,2026-09-07 09:06:09,2026-09-07 09:06:09,95.1931,19.9883,11277.6,False,59.29,149.21,0.0,,10088.88,4761,False,0
885303,THA111,Thailand,2026-09-07 09:06:09,2026-09-07 09:06:09,100.0364,16.3411,10668.0,False,237.43,160.11,1.63,,8770.62,,False,0
885305,THA264,Thailand,2026-09-07 09:03:14,2026-09-07 09:03:14,100.767,13.7144,205.74,False,70.75,194.74,-3.58,,205.74,,False,0
34458f,ECLRC,Spain,2026-09-07 09:05:56,2026-09-07 09:05:56,-4.375,36.8424,762.0,False,48.29,194.18,-1.63,,1005.84,,False,0
8015e3,,India,2026-09-07 09:06:08,2026-09-07 09:06:08,83.9569,21.8178,11277.6,False,222.28,131.62,0.33,,4861.56,0532,False,0
8015f3,IGO6339,India,2026-09-07 09:02:24,2026-09-07 09:02:27,92.8433,24.8006,11109.96,False,233.99,48.57,-5.2,,11864.34,1422,False,0
88530b,THA320,Thailand,2026-09-07 09:06:08,2026-09-07 09:06:08,91.2334,23.1506,10675.62,False,241.85,148.3,0.0,,11460.48,2502,False,0
8015ed,IGO7454,India,2026-09-07 08:59:54,2026-09-07 09:01:23,76.678,11.7825,4572.0,False,129.3,154.05,0.65,,4739.64,,False,0
4521ba,LOT5PR,Bulgaria,2026-09-07 09:06:08,2026-09-07 09:06:08,31.7095,37.9435,10363.2,False,225.54,314.82,0.33,,11003.28,1167,False,0
728671,IAW131,Iraq,2026-09-07 09:06:09,2026-09-07 09:06:09,36.8364,34.2142,8168.64,False,213.61,283.94,-8.78,,8709.66,,False,0
4bc855,PGT86VU,Turkey,2026-09-07 09:06:08,2026-09-07 09:06:09,30.6243,37.2015,3230.88,False,176.52,164.1,-4.23,,3474.72,1020,False,0
728678,IAW123,Iraq,2026-09-07 09:02:37,2026-09-07 09:06:07,53.1168,26.0733,7970.52,False,231.28,111.94,-6.5,,9860.28,7262,False,0
4bc84a,PGT91YA,Turkey,2026-09-07 09:05:43,2026-09-07 09:05:43,30.8066,36.8809,,True,5.4,59.06,,,,,False,0
70204a,BBC340,Bangladesh,2026-09-07 09:05:56,2026-09-07 09:06:02,84.1812,23.7839,10668.0,False,247.86,53.44,0.0,,11361.42,4203,False,0
4521bf,BBG801,Bulgaria,2026-09-07 09:06:09,2026-09-07 09:06:09,28.1102,35.8137,9662.16,False,227.43,123.65,2.28,,10294.62,7401,False,0
801733,IGO1155,India,2026-09-07 09:06:08,2026-09-07 09:06:08,80.259,26.9758,11887.2,False,221.1,110.71,0.33,,12664.44,,False,0
344501,VLG3NP,Spain,2026-09-07 09:06:08,2026-09-07 09:06:08,-4.7601,36.2693,4579.62,False,184.27,222.28,11.38,,4991.1,2610,False,0
702033,BBC363,Bangladesh,2026-09-07 09:06:08,2026-09-07 09:06:08,84.2475,17.7439,11582.4,False,240.51,226.3,0.0,,12275.82,4770,False,0
73806d,ELY574,Israel,2026-09-07 09:06:08,2026-09-07 09:06:08,30.9176,35.9431,11277.6,False,257.43,143.45,0.0,,11948.16,2223,False,0
8960b4,DUB1,United Arab Emirates,2026-09-07 09:06:09,2026-09-07 09:06:09,32.7833,29.157,11582.4,False,250.43,308.49,0.0,,12412.98,0553,False,0
440098,AOJ53L,Austria,2026-09-07 09:06:07,2026-09-07 09:06:08,23.4982,39.439,3787.14,False,138.47,352.74,11.05,,4091.94,,False,0
801859,AIC188,India,2026-09-07 09:06:08,2026-09-07 09:06:08,76.801,28.5051,3802.38,False,155.47,103.39,-3.9,,3947.16,,False,0
801861,IGO502F,India,2026-09-07 09:06:08,2026-09-07 09:06:08,77.304,30.2198,4053.84,False,143.1,333.07,-3.58,,4206.24,,False,0
801860,IGO411Y,India,2026-09-07 09:06:08,2026-09-07 09:06:08,72.856,19.0996,236.22,False,84.04,314.26,10.73,,160.02,,False,0
73805c,ELY859,Israel,2026-09-07 09:06:08,2026-09-07 09:06:08,27.3014,38.0509,11582.4,False,214.0,318.8,-0.33,,12283.44,1174,False,0
73805b,ELY5108,Israel,2026-09-07 09:04:16,2026-09-07 09:04:18,34.9092,32.0321,144.78,False,81.25,208.35,-3.25,,160.02,5347,False,0
80052d,AIC6RA,India,2026-09-07 09:06:08,2026-09-07 09:06:08,76.9716,28.3304,2461.26,False,155.9,192.39,12.03,,2499.36,,False,0
738076,ELY323,Israel,2026-09-07 09:06:08,2026-09-07 09:06:09,29.3048,34.604,10972.8,False,229.7,305.61,0.0,,11689.08,5602,False,0
738073,ELY007,Israel,2026-09-07 09:06:08,2026-09-07 09:06:08,25.8117,38.3482,9753.6,False,242.52,322.5,0.0,,10386.06,1162,False,0
4bb46f,MNB543,Turkey,2026-09-07 09:04:00,2026-09-07 09:05:51,31.2238,30.8511,2903.22,False,160.1,170.57,-3.58,,3101.34,3374,False,0
80057d,AIC217,India,2026-09-07 09:04:29,2026-09-07 09:04:30,85.3507,27.6781,1356.36,False,77.29,22.3,-3.9,,1318.26,,False,0
00a120,SFR693,South Africa,2026-09-07 09:06:08,2026-09-07 09:06:08,18.6748,-34.0842,1455.42,False,136.47,84.38,15.93,,1607.82,,False,0
702097,UBG150,Bangladesh,2026-09-07 09:06:09,2026-09-07 09:06:09,90.8367,23.369,4267.2,False,127.91,338.28,0.0,,4465.32,4115,False,0
738053,ELY2366,Israel,2026-09-07 09:06:08,2026-09-07 09:06:08,28.1663,38.8803,11277.6,False,250.4,131.42,-0.33,,11932.92,6002,False,0
800579,AIC4FG,India,2026-09-07 09:06:05,2026-09-07 09:06:08,75.0382,26.4031,9273.54,False,234.44,17.76,3.9,,9829.8,,False,0
440080,EJU54XT,Austria,2026-09-07 09:06:08,2026-09-07 09:06:08,23.4693,38.098,5158.74,False,189.54,272.8,9.43,,5554.98,,False,0
800584,AIC186,India,2026-09-07 09:06:09,2026-09-07 09:06:09,83.5736,26.4037,11582.4,False,262.53,291.13,0.0,,12344.4,4537,False,0
800582,AIC117,India,2026-09-07 09:06:08,2026-09-07 09:06:08,74.3699,27.359,10363.2,False,249.91,191.52,0.0,,11018.52,,False,0
440005,EJU47KE,Austria,2026-09-07 09:02:33,2026-09-07 09:06:05,-7.8606,32.582,7261.86,False,187.15,211.86,-11.7,,7726.68,2331,False,0
440030,EJU95LQ,Austria,2026-09-07 09:06:09,2026-09-07 09:06:09,-12.9882,37.0355,11574.78,False,228.47,34.73,0.0,,12260.58,,False,0
8960f6,UAE375,United Arab Emirates,2026-09-07 09:05:57,2026-09-07 09:06:05,57.0181,24.5916,7665.72,False,248.9,288.43,-8.78,,10576.56,,False,0
500213,MEA266,San Marino,2026-09-07 09:06:08,2026-09-07 09:06:08,31.9177,37.2314,10668.0,False,256.61,127.26,0.33,,11330.94,5325,False,0
70a8e9,,Nepal,2026-09-07 09:06:08,2026-09-07 09:06:09,84.9272,27.8431,3200.4,False,107.81,238.66,0.33,,3299.46,,False,0
8840f8,BKP968,Thailand,2026-09-07 09:03:49,2026-09-07 09:03:49,103.9962,1.3649,,True,2.57,112.5,,,,,False,0
8017a1,AXB431,India,2026-09-07 09:05:22,2026-09-07 09:05:27,57.9106,23.5358,10972.8,False,239.51,305.29,0.0,,11750.04,,False,0
8960d9,UAE930,United Arab Emirates,2026-09-07 09:01:58,2026-09-07 09:06:08,55.5943,25.1353,144.78,False,103.04,273.15,-5.2,,1409.7,7316,False,0
8960e7,UAE11M,United Arab Emirates,2026-09-07 09:06:09,2026-09-07 09:06:09,26.5774,38.5791,11582.4,False,233.68,307.58,0.0,,12252.96,0522,False,0
5001d3,MEA241,San Marino,2026-09-07 09:06:08,2026-09-07 09:06:09,12.675,39.7483,9745.98,False,241.95,282.03,0.0,,10378.44,5605,False,0
8003b1,AXB5310,India,2026-09-07 09:05:31,2026-09-07 09:05:31,75.9033,11.0016,5730.24,False,198.13,338.36,-12.35,,6537.96,,False,0
344297,AEA1153,Spain,2026-09-07 09:06:08,2026-09-07 09:06:09,-7.4664,39.1215,8542.02,False,212.19,241.94,-11.05,,9151.62,2644,False,0
89611d,UAE76J,United Arab Emirates,2026-09-07 09:05:55,2026-09-07 09:06:04,38.7917,32.4303,10972.8,False,244.33,333.22,0.0,,11704.32,,False,0
89611c,UAE2521,United Arab Emirates,2026-09-07 09:06:08,2026-09-07 09:06:08,94.8911,15.762,10972.8,False,253.04,304.98,0.0,,11689.08,,False,0
8016de,IGO752F,India,2026-09-07 09:06:08,2026-09-07 09:06:08,90.7513,23.429,4762.5,False,195.0,89.09,-6.5,,4991.1,1345,False,0
8016df,IGO694,India,2026-09-07 09:06:08,2026-09-07 09:06:08,76.2067,26.2289,6179.82,False,207.84,151.79,3.58,,6492.24,,False,0
8016ae,AXB2014,India,2026-09-07 09:06:08,2026-09-07 09:06:08,77.6815,13.6456,4312.92,False,165.08,13.52,4.88,,4472.94,,False,0
8016c7,AXB1513,India,2026-09-07 09:06:08,2026-09-07 09:06:08,78.6837,28.2224,7056.12,False,206.39,295.86,-7.8,,7452.36,2604,False,0
345597,ANE8114,Spain,2026-09-07 09:06:08,2026-09-07 09:06:08,-6.0206,37.5437,10972.8,False,238.2,299.5,-0.33,,11650.98,2677,False,0
345592,CNF413S,Spain,2026-09-07 09:06:05,2026-09-07 09:06:06,-16.5161,28.4907,2598.42,False,141.88,107.52,-1.63,,2865.12,,False,0
8016bf,IGO2513,India,2026-09-07 09:06:09,2026-09-07 09:06:09,89.4805,23.0991,6697.98,False,213.22,49.89,11.05,,7048.5,1435,False,0
5001db,MEA252,San Marino,2026-09-07 09:06:05,2026-09-07 09:06:05,23.9474,37.9336,,True,0.0,36.56,,,,,False,0
8016ce,IGO32Y,India,2026-09-07 09:05:59,2026-09-07 09:06:04,77.0832,28.5603,,True,0.0,239.06,,,,,False,0
8016d7,IGO202V,India,2026-09-07 09:06:07,2026-09-07 09:06:07,75.0277,13.893,11887.2,False,227.17,151.75,0.0,,12595.86,,False,0
8003f2,AXB748,India,2026-09-07 09:02:12,2026-09-07 09:06:01,55.307,25.1195,4876.8,False,161.2,120.49,13.66,,4015.74,6221,False,0
471d72,WMT8508,Hungary,2026-09-07 09:06:08,2026-09-07 09:06:09,15.392,37.8598,4846.32,False,188.3,338.69,11.05,,5227.32,,False,0
34554f,FSMK1G,Spain,2026-09-07 09:06:08,2026-09-07 09:06:08,-4.4218,39.8514,1257.3,False,48.09,207.39,0.0,,1447.8,7207,False,0
8003e4,AIC4GS,India,2026-09-07 09:06:08,2026-09-07 09:06:08,76.897,28.8205,3962.4,False,168.23,89.47,0.0,,4114.8,,False,0
40697c,EFW5BP,United Kingdom,2026-09-07 09:06:08,2026-09-07 09:06:08,-8.0066,35.1565,11894.82,False,227.42,186.76,0.0,,12603.48,3714,False,0
406900,EXS73KS,United Kingdom,2026-09-07 09:06:07,2026-09-07 09:06:07,-4.4991,39.5216,11277.6,False,225.49,184.45,0.0,,11986.26,2151,False,0
801805,IGO2275,India,2026-09-07 09:06:09,2026-09-07 09:06:09,86.9487,23.6022,8374.38,False,257.55,301.69,3.9,,8877.3,2642,False,0
801806,IGO438V,India,2026-09-07 09:05:35,2026-09-07 09:05:35,77.0922,28.5689,,True,3.86,126.56,,,,,False,0
801810,AKJ656N,India,2026-09-07 09:06:08,2026-09-07 09:06:09,75.2413,27.097,11643.36,False,241.47,32.47,-4.88,,12397.74,,False,0
801811,AKJ1926,India,2026-09-07 09:06:08,2026-09-07 09:06:08,90.336,14.0221,11582.4,False,239.61,337.4,0.0,,,,False,0
3e3078,ECA2XA,Germany,2026-09-07 09:06:01,2026-09-07 09:06:01,-0.8882,38.5042,2293.62,False,143.88,196.62,-7.48,,2567.94,2174,False,0
738102,ELY083,Israel,2026-09-07 09:06:03,2026-09-07 09:06:08,100.7905,13.8042,670.56,False,81.6,193.86,0.0,,632.46,,False,0
896194,UAE62T,United Arab Emirates,2026-09-07 09:06:08,2026-09-07 09:06:08,33.3946,36.1184,11582.4,False,226.98,291.68,0.0,,12260.58,0502,False,0
89618f,UAE1EW,United Arab Emirates,2026-09-07 09:06:08,2026-09-07 09:06:08,33.1073,29.4826,8282.94,False,225.33,287.81,-8.13,,8923.02,0565,False,0
89618c,UAE185,United Arab Emirates,2026-09-07 09:06:08,2026-09-07 09:06:08,18.2298,35.5666,11582.4,False,233.58,282.08,0.0,,12344.4,,False,0
896176,UAE328,United Arab Emirates,2026-09-07 09:06:09,2026-09-07 09:06:09,68.347,22.9577,10668.0,False,255.71,90.92,0.0,,11338.56,,False,0
896175,UAE1Y,United Arab Emirates,2026-09-07 09:02:11,2026-09-07 09:02:18,34.514,38.9931,9753.6,False,229.42,309.72,0.0,,10279.38,3243,False,0
80183a,IGO29TY,India,2026-09-07 09:06:08,2026-09-07 09:06:09,88.2252,22.3927,2362.2,False,140.1,84.31,-4.23,,2392.68,5406,False,0
896185,UAE751,United Arab Emirates,2026-09-07 09:06:09,2026-09-07 09:06:09,14.3609,35.7949,11582.4,False,230.03,276.81,0.0,,12306.3,2010,False,0
896188,UAE7AM,United Arab Emirates,2026-09-07 09:06:09,2026-09-07 09:06:09,12.1729,36.4563,11582.4,False,241.13,278.96,0.0,,12268.2,5505,False,0
40690c,EZY82AP,United Kingdom,2026-09-07 09:06:08,2026-09-07 09:06:08,-8.2882,38.8606,9898.38,False,236.85,355.52,5.53,,10553.7,2262,False,0
801819,IGO1457,India,2026-09-07 09:06:06,2026-09-07 09:06:06,103.57,0.9648,4945.38,False,182.12,89.35,-6.5,,5280.66,,False,0
801823,IGO774Y,India,2026-09-07 09:06:08,2026-09-07 09:06:08,88.2522,23.3153,4084.32,False,183.55,100.33,-9.1,,4236.72,0546,False,0
45217e,AIZ592,Bulgaria,2026-09-07 09:06:09,2026-09-07 09:06:09,80.9543,12.9146,11582.4,False,256.31,275.41,0.0,,12283.44,,False,0
70a9f1,NYT923,Nepal,2026-09-07 09:06:09,2026-09-07 09:06:09,85.9812,27.4898,4594.86,False,99.26,111.91,0.98,,4770.12,,False,0
45213d,MSC2970,Bulgaria,2026-09-07 09:06:09,2026-09-07 09:06:09,27.441,38.1684,10363.2,False,223.67,293.74,0.0,,11018.52,7105,True,0
452186,AMQ1124,Bulgaria,2026-09-07 09:06:08,2026-09-07 09:06:08,-2.4064,38.3206,10675.62,False,244.91,226.62,0.0,,11346.18,0445,False,0
452181,ADZ4221,Bulgaria,2026-09-07 09:05:40,2026-09-07 09:05:55,57.2999,24.5053,7673.34,False,230.68,288.6,-9.43,,8161.02,,False,0
471dbd,WMT4646,Hungary,2026-09-07 09:04:38,2026-09-07 09:04:45,34.8911,32.0077,,True,9.77,28.12,,,,,False,0
471dbc,WZZ6NC,Hungary,2026-09-07 09:06:08,2026-09-07 09:06:08,4.8856,39.9939,10363.2,False,227.99,74.96,0.0,,11010.9,1443,False,0
8018b5,GOA3104,India,2026-09-07 09:06:08,2026-09-07 09:06:08,76.0408,10.3575,3070.86,False,93.87,265.91,5.2,,3131.82,,False,0
471db6,WZZ2QZ,Hungary,2026-09-07 09:06:08,2026-09-07 09:06:08,-2.3866,38.0208,10363.2,False,229.35,39.9,0.0,,11049.0,5302,False,0
4bd8c7,TKJ4GT,Turkey,2026-09-07 09:06:09,2026-09-07 09:06:09,30.8472,36.9841,990.6,False,111.78,19.35,11.7,,1074.42,0711,False,0
471db0,WZZ68LT,Hungary,2026-09-07 09:06:09,2026-09-07 09:06:09,25.4788,39.3308,10363.2,False,217.08,312.12,0.0,,11010.9,4147,False,0
8018cf,IGO6975,India,2026-09-07 09:06:01,2026-09-07 09:06:01,74.7338,15.2227,7490.46,False,245.29,124.49,5.2,,7840.98,,False,0
8018dd,IGO011,India,2026-09-07 09:06:08,2026-09-07 09:06:08,32.7736,29.5757,10363.2,False,227.78,287.62,0.0,,11125.2,4061,False,0
7020b4,UBG218,Bangladesh,2026-09-07 09:03:48,2026-09-07 09:03:48,95.9762,19.8866,11582.4,False,12.43,24.44,0.33,,12344.4,,False,0
7020bc,AWA475,Bangladesh,2026-09-07 09:06:08,2026-09-07 09:06:08,89.8103,24.115,4168.14,False,95.71,320.23,1.95,,4312.92,5512,False,0
7020c8,AWA445,Bangladesh,2026-09-07 09:06:08,2026-09-07 09:06:08,90.9109,22.9654,4572.0,False,130.09,129.54,0.0,,4747.26,4101,False,0
8018be,IGO017,India,2026-09-07 09:06:08,2026-09-07 09:06:08,30.9255,33.8681,10972.8,False,235.8,357.75,0.0,,11704.32,5450,False,0
8004d6,AIC8CH,India,2026-09-07 09:03:11,2026-09-07 09:03:11,73.0847,18.9996,2743.2,False,110.67,47.26,0.0,,2804.16,,False,0
8004dd,AIC159,India,2026-09-07 09:06:09,2026-09-07 09:06:09,68.4891,22.9514,9753.6,False,257.2,273.55,0.0,,10370.82,,False,0
5000d7,T7SBH,San Marino,2026-09-07 09:06:08,2026-09-07 09:06:09,33.9213,36.104,10972.8,False,221.87,326.35,0.33,,11612.88,5460,False,0
8017f2,IGO5239,India,2026-09-07 09:06:08,2026-09-07 09:06:08,84.4768,22.3563,10668.0,False,223.37,81.12,-0.33,,11346.18,0360,False,0
8017f3,IGO1013,India,2026-09-07 09:06:08,2026-09-07 09:06:09,103.1813,1.4611,6835.14,False,192.21,158.65,-5.2,,7284.72,,False,0
4892c2,ENT6XG,Poland,2026-09-07 09:04:26,2026-09-07 09:04:26,-2.2818,37.1234,3032.76,False,151.11,104.79,-4.23,,3360.42,4040,False,0
8017ee,IGO615,India,2026-09-07 09:06:08,2026-09-07 09:06:08,75.9819,28.1582,5135.88,False,172.46,46.21,-9.1,,5372.1,,False,0
884213,BKP165,Thailand,2026-09-07 09:05:46,2026-09-07 09:05:46,100.6187,10.7456,7277.1,False,187.3,181.26,-8.45,,8503.92,,False,0
884215,BKP146,Thailand,2026-09-07 09:06:08,2026-09-07 09:06:08,100.3803,10.8937,9174.48,False,226.03,2.35,2.28,,,,False,0
345692,IBE08PL,Spain,2026-09-07 09:02:11,2026-09-07 09:02:11,25.3462,37.4354,,True,0.0,250.31,,,,1451,False,0
896214,UAE772,United Arab Emirates,2026-09-07 09:06:08,2026-09-07 09:06:08,18.89,-33.6963,3032.76,False,152.65,231.43,-7.15,,3268.98,,False,0
89620f,UAE718,United Arab Emirates,2026-09-07 09:01:55,2026-09-07 09:04:12,55.4955,25.1801,114.3,False,89.11,301.3,-5.2,,640.08,4743,False,0
89620d,UAE4Q,United Arab Emirates,2026-09-07 09:01:58,2026-09-07 09:06:08,55.7341,25.2184,1112.52,False,126.52,301.36,-3.9,,2613.66,4056,False,0
345686,IBS16RT,Spain,2026-09-07 09:05:20,2026-09-07 09:05:40,-12.959,31.2789,10972.8,False,237.87,34.51,0.0,,11628.12,,False,0
7380c6,ELY006,Israel,2026-09-07 09:06:05,2026-09-07 09:06:08,26.8095,39.8351,11887.2,False,266.29,135.47,0.0,,12557.76,2215,False,0
344341,AEA42ZC,Spain,2026-09-07 09:06:08,2026-09-07 09:06:09,-1.4412,39.6772,9753.6,False,233.19,114.64,0.0,,10393.68,1000,False,0
7380cc,ELY542,Israel,2026-09-07 09:06:09,2026-09-07 09:06:09,29.3406,35.1461,11887.2,False,275.93,125.44,-0.33,,12633.96,7405,False,0
80190c,IGO47MF,India,2026-09-07 09:06:09,2026-09-07 09:06:09,79.7583,27.6182,10980.42,False,241.01,309.98,0.33,,11681.46,,False,0
80190f,IGO5396,India,2026-09-07 09:06:08,2026-09-07 09:06:09,77.0074,28.4495,1691.64,False,150.46,187.47,7.8,,1684.02,,False,0
345646,VLG3DY,Spain,2026-09-07 09:06:09,2026-09-07 09:06:09,-7.6367,34.6236,10980.42,False,241.59,41.63,0.0,,11689.08,6207,False,0
345645,VLG32QK,Spain,2026-09-07 09:04:00,2026-09-07 09:04:44,-10.083,32.915,10668.0,False,215.26,219.47,0.0,,11346.18,0454,False,0
89629f,AUH02,United Arab Emirates,2026-09-07 07:58:23,2026-09-07 09:06:08,54.8638,24.4173,10363.2,False,179.63,277.74,7.48,,3627.12,0606,False,0
801908,IGO142F,India,2026-09-07 09:02:32,2026-09-07 09:02:56,73.0199,19.0271,914.4,False,83.67,225.0,-5.53,,876.3,,False,0
801904,IGO6704,India,2026-09-07 09:05:05,2026-09-07 09:05:07,73.3675,22.2306,11887.2,False,233.69,19.95,0.0,,12611.1,,False,0
3571d6,MRL31F,Spain,2026-09-07 09:06:06,2026-09-07 09:06:06,-1.4981,37.4741,4152.9,False,154.6,225.4,3.58,,4495.8,,False,0
3571cc,MRL37,Spain,2026-09-07 09:06:08,2026-09-07 09:06:08,-0.7943,37.7718,373.38,False,74.44,40.52,0.65,,525.78,,False,0
4bb263,THY4DU,Turkey,2026-09-07 09:06:08,2026-09-07 09:06:08,35.9065,31.7157,1371.6,False,116.53,258.54,4.55,,1455.42,,False,0
4bb21a,THY9MV,Turkey,2026-09-07 09:06:08,2026-09-07 09:06:08,32.0523,37.7591,10370.82,False,212.03,311.85,0.33,,11003.28,5645,False,0
8962d1,ADY504,United Arab Emirates,2026-09-07 09:04:44,2026-09-07 09:04:44,36.6843,33.5212,1463.04,False,90.24,313.61,0.0,,1554.48,,False,0
73828b,ISR176,Israel,2026-09-07 09:06:08,2026-09-07 09:06:08,26.7467,38.8808,10668.0,False,250.55,123.53,-0.33,,11300.46,,False,0
008487,LNK883Y,South Africa,2026-09-07 09:06:09,2026-09-07 09:06:09,28.3088,-26.0312,3017.52,False,127.48,106.17,12.03,,3284.22,,False,0
738285,ISR115,Israel,2026-09-07 09:06:08,2026-09-07 09:06:08,34.8923,31.9966,,True,0.0,286.88,,,,,False,0
738284,ISR336,Israel,2026-09-07 09:06:08,2026-09-07 09:06:08,27.4616,35.1556,11285.22,False,263.2,99.9,0.0,,12016.74,1252,False,0
738287,ISR047,Israel,2026-09-07 09:02:33,2026-09-07 09:02:49,35.1537,30.5143,4312.92,False,173.55,189.21,-8.45,,4655.82,2652,False,0
009765,LNK314X,South Africa,2026-09-07 09:05:55,2026-09-07 09:05:55,18.9313,-32.8285,9189.72,False,223.7,25.03,3.58,,9700.26,,False,0
a51e24,GTI8375,United States,2026-09-07 09:06:08,2026-09-07 09:06:08,32.316,32.4504,12496.8,False,276.65,132.89,0.0,,13281.66,1627,False,0
896411,ABY624,United Arab Emirates,2026-09-07 09:02:40,2026-09-07 09:06:02,55.0777,25.4175,2026.92,False,145.31,245.98,0.0,,1981.2,1727,False,0
89640c,FVS105,United Arab Emirates,2026-09-07 09:01:49,2026-09-07 09:06:02,54.2534,24.499,2331.72,False,107.67,273.01,7.15,,2065.02,1167,False,0
00e79d,ZUMGL,South Africa,2026-09-07 09:06:09,2026-09-07 09:06:09,18.4654,-33.6917,556.26,False,48.8,288.43,-0.65,,647.7,,False,0
345299,AEA084,Spain,2026-09-07 09:06:08,2026-09-07 09:06:08,-6.3987,37.6906,12192.0,False,247.4,50.48,0.0,,12908.28,6201,False,0
020123,RAM211B,Morocco,2026-09-07 09:06:09,2026-09-07 09:06:09,-10.797,35.4892,12489.18,False,250.42,133.0,0.0,,13190.22,,False,0
020122,RAM205F,Morocco,2026-09-07 09:06:07,2026-09-07 09:06:09,-12.593,36.6456,12489.18,False,248.31,125.9,0.0,,13167.36,,False,0
8a082d,LNI165,Indonesia,2026-09-07 09:06:08,2026-09-07 09:06:09,102.1674,1.9317,6461.76,False,207.89,123.49,6.83,,6873.24,,False,0
8005f0,AIC4209,India,2026-09-07 09:05:57,2026-09-07 09:05:58,66.394,22.9604,12192.0,False,254.65,270.23,-0.33,,12954.0,,False,0
344043,7777XPML,Spain,2026-09-07 09:05:26,2026-09-07 09:05:26,2.9244,39.5269,,True,0.0,165.94,,,,7777,False,0
896383,ABY684,United Arab Emirates,2026-09-07 09:06:09,2026-09-07 09:06:09,29.2628,36.0715,10972.8,False,210.51,286.18,0.0,,11643.36,2242,False,0
896382,ABY321,United Arab Emirates,2026-09-07 09:06:08,2026-09-07 09:06:08,31.3799,38.2297,10972.8,False,212.07,311.66,-0.33,,11628.12,3454,False,0
781d9c,CES568,China,2026-09-07 09:06:08,2026-09-07 09:06:08,103.9985,1.3639,,True,1.8,115.31,,,,,False,0
346691,VLG1HR,Spain,2026-09-07 09:06:09,2026-09-07 09:06:09,-6.0478,39.9747,10355.58,False,235.28,66.69,0.0,,11018.52,4427,False,0
4c80a5,CYP311,Cyprus,2026-09-07 09:06:08,2026-09-07 09:06:09,26.5859,36.921,8945.88,False,241.54,118.91,4.55,,9532.62,,False,0
89634a,ABY375,United Arab Emirates,2026-09-07 09:06:00,2026-09-07 09:06:08,39.4053,31.8333,10965.18,False,221.8,301.15,0.0,,11711.94,,False,0
4c80b8,BBG762,Cyprus,2026-09-07 09:04:51,2026-09-07 09:05:17,25.7165,35.1288,7193.28,False,227.06,290.28,-17.23,,7703.82,1354,False,0
896366,ABY178,United Arab Emirates,2026-09-07 09:03:18,2026-09-07 09:06:08,54.7105,25.7848,3627.12,False,177.84,109.43,-7.48,,4739.64,5214,False,0
896364,ABY584,United Arab Emirates,2026-09-07 09:06:09,2026-09-07 09:06:09,34.3556,29.5247,9654.54,False,240.93,101.45,5.85,,10355.58,7332,False,0
739602,HFA805,Israel,2026-09-07 09:06:09,2026-09-07 09:06:09,34.1651,33.6989,4274.82,False,126.09,329.88,0.0,,4526.28,3323,False,0
739601,HFA804,Israel,2026-09-07 09:06:08,2026-09-07 09:06:08,34.0715,33.7056,3962.4,False,131.35,182.92,0.0,,4221.48,,False,0
739600,,Israel,2026-09-07 09:03:47,2026-09-07 09:03:47,35.0418,32.8114,,True,0.0,73.12,,,,,False,0
739605,HFA741,Israel,2026-09-07 09:06:08,2026-09-07 09:06:08,27.2511,36.3763,4876.8,False,132.14,283.28,-0.33,,5219.7,2222,False,0
884343,BKP150,Thailand,2026-09-07 09:05:13,2026-09-07 09:05:13,100.4189,12.4032,4869.18,False,128.98,4.35,0.0,,,,False,0
345344,RSC68CP,Spain,2026-09-07 09:05:37,2026-09-07 09:05:37,-16.3469,28.567,2004.06,False,82.53,101.87,5.2,,2217.42,,False,0
89631a,UAE67V,United Arab Emirates,2026-09-07 09:06:08,2026-09-07 09:06:09,28.7447,37.7066,10363.2,False,243.79,294.56,0.0,,11010.9,0524,False,0
32002e,I2311,Italy,2026-09-07 09:06:08,2026-09-07 09:06:08,15.9002,38.6937,2491.74,False,88.18,228.31,0.98,,2743.2,,False,0
4bb0ec,THY48L,Turkey,2026-09-07 09:06:08,2026-09-07 09:06:08,52.7113,25.8484,12192.0,False,256.78,297.44,0.0,,12992.1,4007,False,0
02019d,MAC491,Morocco,2026-09-07 09:06:08,2026-09-07 09:06:08,0.8973,38.6956,11582.4,False,226.99,67.62,0.0,,12237.72,1000,False,0
0083af,ZSHIM,South Africa,2026-09-07 09:06:08,2026-09-07 09:06:08,18.4304,-33.895,0.0,False,42.53,32.15,1.3,,91.44,,False,0
896304,UAE46F,United Arab Emirates,2026-09-07 09:06:07,2026-09-07 09:06:08,71.4044,22.8582,10668.0,False,254.72,84.67,0.0,,11346.18,,False,0
896308,UAE334,United Arab Emirates,2026-09-07 09:06:07,2026-09-07 09:06:08,83.9864,19.5024,10668.0,False,245.45,114.26,0.0,,11330.94,,False,0
88434a,BKP213,Thailand,2026-09-07 09:05:34,2026-09-07 09:06:05,101.1482,13.8171,2979.42,False,107.57,14.97,3.58,,3116.58,,False,0
896312,UAE516,United Arab Emirates,2026-09-07 09:06:08,2026-09-07 09:06:08,77.2199,28.4154,2148.84,False,111.55,103.33,-8.13,,2179.32,,False,0
345313,VLG438P,Spain,2026-09-07 09:02:15,2026-09-07 09:02:18,-16.3542,28.5772,2529.84,False,148.11,78.38,14.63,,2796.54,,False,0
89630a,UAE370,United Arab Emirates,2026-09-07 09:06:07,2026-09-07 09:06:08,82.7612,17.9957,11277.6,False,258.16,104.42,0.0,,11971.02,,False,0
32001d,GCI1897,Italy,2026-09-07 09:06:08,2026-09-07 09:06:08,15.2499,36.6477,106.68,False,44.92,330.5,0.33,,228.6,2000,False,0
896319,UAE921,United Arab Emirates,2026-09-07 09:03:02,2026-09-07 09:05:14,49.7098,22.9104,11582.4,False,251.69,274.1,0.0,,12374.88,0566,False,0
89630e,UAE315,United Arab Emirates,2026-09-07 09:02:48,2026-09-07 09:05:37,56.9484,24.611,7513.32,False,238.0,288.4,-10.4,,8031.48,,False,0
89630b,UAE583,United Arab Emirates,2026-09-07 09:01:53,2026-09-07 09:06:06,55.9418,25.078,1927.86,False,144.96,312.12,-3.9,,3467.1,4710,False,0
884345,BKP282,Thailand,2026-09-07 09:05:29,2026-09-07 09:05:29,100.0356,10.578,4572.0,False,135.6,24.43,0.0,,,,False,0
0200ef,RAM570A,Morocco,2026-09-07 09:06:08,2026-09-07 09:06:08,6.9722,39.6542,11582.4,False,234.51,86.48,0.0,,12230.1,1423,False,0
0200f8,RAM241S,Morocco,2026-09-07 09:06:09,2026-09-07 09:06:09,-0.3614,39.6346,11277.6,False,251.32,229.23,0.0,,11940.54,4043,False,0
346614,VOE7YM,Spain,2026-09-07 09:06:09,2026-09-07 09:06:09,-0.8425,39.6449,3162.3,False,156.2,299.6,7.15,,3505.2,1000,False,0
346610,VLG4GW,Spain,2026-09-07 09:06:08,2026-09-07 09:06:08,-7.3106,34.9018,10972.8,False,230.46,41.02,0.0,,11673.84,6217,False,0
4ab823,NSZ21FC,Sweden,2026-09-07 09:06:09,2026-09-07 09:06:09,-7.2575,39.1519,10279.38,False,246.66,21.54,5.85,,10949.94,4701,False,0
780a13,HKC9631,China,2026-09-07 09:06:09,2026-09-07 09:06:09,89.6188,22.1833,11582.4,False,247.71,276.92,-0.33,,12412.98,5162,False,0
781d3c,HYT9086,China,2026-09-07 09:06:07,2026-09-07 09:06:07,94.0036,21.8562,10058.4,False,236.83,118.12,-0.33,,10698.48,4734,False,0
780a46,CRK776,China,2026-09-07 09:06:08,2026-09-07 09:06:08,101.0355,13.5855,3467.1,False,176.79,61.5,12.03,,3634.74,,False,0
800733,AIC157,India,2026-09-07 09:06:08,2026-09-07 09:06:08,69.5503,22.8869,11574.78,False,253.2,273.96,0.0,,12291.06,,False,0
3571c2,MRL40,Spain,2026-09-07 09:06:08,2026-09-07 09:06:09,-1.3136,37.8743,4480.56,False,145.3,119.02,4.55,,4876.8,7023,False,0
3571c1,MRL33,Spain,2026-09-07 09:06:03,2026-09-07 09:06:03,-0.7972,37.7865,-45.72,False,72.77,226.15,-3.9,,91.44,,False,0
3571c3,MRL38,Spain,2026-09-07 09:06:09,2026-09-07 09:06:09,-1.0448,38.116,3764.28,False,147.61,14.33,-1.95,,4122.42,7022,False,0
800739,AIC123,India,2026-09-07 09:06:09,2026-09-07 09:06:09,71.7372,23.3851,10972.8,False,263.12,235.6,0.0,,11696.7,,False,0
800740,AIC357,India,2026-09-07 09:06:08,2026-09-07 09:06:08,91.7369,23.8668,12184.38,False,255.51,273.0,0.0,,12984.48,6335,False,0
8a07b7,AWQ386,Indonesia,2026-09-07 09:01:17,2026-09-07 09:01:21,100.4317,5.4638,784.86,False,109.34,241.63,1.95,,838.2,,False,0
8830f6,TLM826,Thailand,2026-09-07 09:06:08,2026-09-07 09:06:09,99.7067,10.0136,10363.2,False,238.46,182.72,0.0,,9601.2,,False,0
8830f1,TLM812,Thailand,2026-09-07 09:06:08,2026-09-07 09:06:08,99.43,10.3964,10363.2,False,238.24,181.24,0.33,,,,False,0
8963f3,UAE4PV,United Arab Emirates,2026-09-07 09:05:57,2026-09-07 09:06:08,34.2459,29.157,11582.4,False,245.49,288.32,0.0,,12397.74,0505,False,0
489227,ENT5991,Poland,2026-09-07 09:06:08,2026-09-07 09:06:08,31.028,32.3985,11277.6,False,231.48,174.64,0.0,,12039.6,3367,False,0
4bb105,THY397,Turkey,2026-09-07 09:06:08,2026-09-07 09:06:08,30.8652,35.5055,11582.4,False,248.44,356.44,-0.33,,12268.2,4775,False,0
00834d,LNK922M,South Africa,2026-09-07 09:06:08,2026-09-07 09:06:09,28.2338,-26.2107,1798.32,False,69.76,14.96,-3.58,,2004.06,,False,0
00834c,LNK141A,South Africa,2026-09-07 09:06:08,2026-09-07 09:06:08,27.6486,-25.5961,7048.5,False,184.83,300.99,7.15,,7482.84,,False,0
4bb104,THY10J,Turkey,2026-09-07 09:06:08,2026-09-07 09:06:09,19.1264,-33.4729,4328.16,False,165.46,221.47,-12.03,,4602.48,,False,0
8963ec,UAE6JL,United Arab Emirates,2026-09-07 09:06:09,2026-09-07 09:06:09,30.5429,37.0195,12192.0,False,224.33,295.98,-0.33,,12885.42,0570,False,0
8963fc,FVS333,United Arab Emirates,2026-09-07 09:01:50,2026-09-07 09:06:08,54.0905,25.2522,5615.94,False,147.77,54.21,3.25,,5974.08,1163,False,0
8963d9,UAE3MV,United Arab Emirates,2026-09-07 09:06:09,2026-09-07 09:06:09,10.0752,36.7293,10363.2,False,254.87,275.68,0.0,,10995.66,2036,False,0
8963d6,UAE601,United Arab Emirates,2026-09-07 09:01:44,2026-09-07 09:01:47,55.4027,25.2317,137.16,False,81.96,301.4,-3.58,,53.34,3536,False,0
3465d4,IBB55AT,Spain,2026-09-07 09:06:08,2026-09-07 09:06:08,-6.5591,35.6043,11582.4,False,224.51,41.47,-0.33,,12268.2,4455,False,0
8963b5,FDB9001,United Arab Emirates,2026-09-07 09:02:08,2026-09-07 09:06:04,55.1718,24.9456,525.78,False,82.13,169.53,-0.33,,502.92,6056,False,0
8007b0,IGO72TK,India,2026-09-07 09:06:08,2026-09-07 09:06:09,82.671,26.9218,10965.18,False,237.58,275.09,0.33,,11704.32,2644,False,0
896528,EFC61G,United Arab Emirates,2026-09-07 09:01:45,2026-09-07 09:03:16,55.7602,24.6639,678.18,False,56.94,198.43,-0.33,,647.7,,False,0
896532,FDB749,United Arab Emirates,2026-09-07 09:06:08,2026-09-07 09:06:08,37.3696,35.1537,10972.8,False,226.18,340.33,0.0,,11643.36,,False,0
896531,FDB1584,United Arab Emirates,2026-09-07 09:06:08,2026-09-07 09:06:08,83.7426,19.5977,10972.8,False,245.73,290.98,0.0,,11658.6,2335,False,0
020058,RAM638M,Morocco,2026-09-07 09:06:09,2026-09-07 09:06:09,-5.7541,36.9561,11582.4,False,234.11,19.11,0.0,,12298.68,6453,False,0
89652a,EFC74H,United Arab Emirates,2026-09-07 09:02:09,2026-09-07 09:05:14,55.4136,24.6987,525.78,False,64.44,141.48,0.65,,472.44,,False,0
4bd6a8,TCUUH,Turkey,2026-09-07 09:04:45,2026-09-07 09:04:46,27.2768,39.806,1668.78,False,42.11,25.31,-1.63,,1859.28,,False,0
4bd6a5,TCUUE,Turkey,2026-09-07 09:06:09,2026-09-07 09:06:09,26.8571,39.5705,975.36,False,47.53,260.03,2.28,,1135.38,,False,0
020073,RAM944B,Morocco,2026-09-07 09:06:08,2026-09-07 09:06:08,-4.6176,34.3613,11582.4,False,225.34,37.39,0.0,,12268.2,6434,False,0
4bb18d,THY89A,Turkey,2026-09-07 09:06:09,2026-09-07 09:06:09,32.9765,37.0943,11582.4,False,235.25,312.34,-0.33,,12268.2,3563,False,0
896512,FDB3UM,United Arab Emirates,2026-09-07 09:06:08,2026-09-07 09:06:08,23.3362,35.5702,10972.8,False,220.65,317.46,0.0,,11689.08,,False,0
781cdf,HYT9090,China,2026-09-07 09:06:07,2026-09-07 09:06:07,94.7346,23.1405,11887.2,False,227.57,87.67,0.0,,12656.82,5766,False,0
781cde,HYT9008,China,2026-09-07 09:06:09,2026-09-07 09:06:09,90.5332,23.663,2994.66,False,152.67,146.68,15.28,,3032.76,4730,False,0
a98ac0,UNIDENT,United States,2026-09-07 09:06:08,2026-09-07 09:06:09,51.142,25.7227,4267.2,False,41.52,213.89,0.0,,4518.66,4677,False,0
008396,ZSMLE,South Africa,2026-09-07 09:06:07,2026-09-07 09:06:08,18.8515,-33.7721,441.96,False,57.56,24.27,-1.95,,579.12,,False,0
89646a,FDB9YD,United Arab Emirates,2026-09-07 09:06:08,2026-09-07 09:06:08,35.2835,38.1598,11582.4,False,206.4,321.27,0.0,,12192.0,2366,False,0
3c135a,VJH715,Germany,2026-09-07 09:06:08,2026-09-07 09:06:08,53.6255,23.7617,10416.54,False,210.7,239.8,4.88,,11109.96,6224,False,0
40688e,BAW118,United Kingdom,2026-09-07 09:06:09,2026-09-07 09:06:09,23.7021,37.2104,11574.78,False,239.04,320.59,-0.33,,12298.68,,False,0
896456,UAE73,United Arab Emirates,2026-09-07 09:06:08,2026-09-07 09:06:08,37.2101,34.3009,10972.8,False,230.61,305.92,0.0,,,,False,0
02007a,RAM809P,Morocco,2026-09-07 09:06:08,2026-09-07 09:06:08,-7.7903,34.794,11483.34,False,234.2,178.11,-4.88,,12169.14,0530,False,0
89642b,ETD4XZ,United Arab Emirates,2026-09-07 09:01:45,2026-09-07 09:04:12,54.5389,24.62,1386.84,False,105.27,307.65,-2.28,,1440.18,4705,False,0
89642a,ETD541,United Arab Emirates,2026-09-07 09:06:08,2026-09-07 09:06:08,29.8693,39.9631,8359.14,False,201.16,0.73,-2.28,,8862.06,1756,False,0
896434,ABY364,United Arab Emirates,2026-09-07 09:03:12,2026-09-07 09:03:15,38.0863,32.8035,7909.56,False,232.6,153.32,5.85,,8450.58,,False,0
89642e,ABY296,United Arab Emirates,2026-09-07 09:02:05,2026-09-07 09:06:08,53.6283,25.6022,8816.34,False,217.23,280.64,4.23,,8260.08,3434,False,0
75010b,AXM6454,Malaysia,2026-09-07 09:06:08,2026-09-07 09:06:09,103.4767,1.7056,2994.66,False,146.42,312.15,16.58,,3162.3,,False,0
738485,AIZ322,Israel,2026-09-07 09:06:08,2026-09-07 09:06:09,33.9143,35.2339,11277.6,False,235.71,186.77,0.33,,11978.64,5366,False,0
8963a2,UAE9956,United Arab Emirates,2026-09-07 09:06:08,2026-09-07 09:06:08,0.8415,38.9279,9753.6,False,248.74,108.7,0.0,,10355.58,1455,False,0
8963a1,UAE9827,United Arab Emirates,2026-09-07 09:06:08,2026-09-07 09:06:08,95.4056,15.7956,10355.58,False,254.0,296.98,-0.33,,11033.76,,False,0
8963a3,UAE9870,United Arab Emirates,2026-09-07 09:06:07,2026-09-07 09:06:08,84.6786,22.6227,12496.8,False,236.74,96.74,0.0,,13258.8,0452,False,0
738443,AIZ1417,Israel,2026-09-07 09:06:08,2026-09-07 09:06:08,34.6896,32.0098,1623.06,False,143.79,290.96,13.66,,1722.12,2235,False,0
738448,AIZ741,Israel,2026-09-07 09:06:09,2026-09-07 09:06:09,34.4669,32.0638,2872.74,False,163.47,284.95,3.58,,3070.86,4155,False,0
491471,ADM547,Portugal,2026-09-07 09:06:08,2026-09-07 09:06:08,-8.5215,38.5107,609.6,False,43.24,267.95,-2.6,,822.96,,False,0
3a2e22,REU979,France,2026-09-07 09:06:09,2026-09-07 09:06:09,36.7354,-1.4608,2758.44,False,118.67,42.89,-2.28,,2941.32,,False,0
00b032,LNK651R,South Africa,2026-09-07 09:06:09,2026-09-07 09:06:09,19.3373,-33.7474,6126.48,False,193.83,61.46,10.08,,6507.48,,False,0
00869a,KEM764,South Africa,2026-09-07 09:06:08,2026-09-07 09:06:08,27.6207,-23.1957,9753.6,False,209.74,340.37,0.0,,10332.72,,False,0
683274,VSV5219,Kazakhstan,2026-09-07 09:05:30,2026-09-07 09:05:32,30.7908,36.8868,53.34,False,74.48,5.95,-0.98,,91.44,3417,False,0
4bb056,THY2NC,Turkey,2026-09-07 09:02:10,2026-09-07 09:02:14,37.5756,39.6583,10980.42,False,203.25,284.21,0.0,,11536.68,1047,False,0
8964f9,ETD3MB,United Arab Emirates,2026-09-07 09:06:08,2026-09-07 09:06:08,30.0394,39.9301,10355.58,False,234.63,337.71,0.0,,10934.7,3425,False,0
4bb050,THY5BH,Turkey,2026-09-07 09:05:34,2026-09-07 09:05:36,36.6046,39.8287,10972.8,False,197.91,279.88,0.0,,11529.06,1056,False,0
a4c742,N407GK,United States,2026-09-07 09:06:09,2026-09-07 09:06:09,19.6713,39.8644,10972.8,False,246.32,306.68,0.0,,11650.98,,False,0
00866d,ZUJCG,South Africa,2026-09-07 09:06:09,2026-09-07 09:06:09,18.5613,-33.7472,266.7,False,41.03,172.07,-2.6,,358.14,,False,0
8964e1,UAE67M,United Arab Emirates,2026-09-07 09:06:09,2026-09-07 09:06:09,55.4766,25.1907,563.88,False,80.82,301.46,-4.55,,1897.38,4072,False,0
4077bb,EXS1689,United Kingdom,2026-09-07 09:06:09,2026-09-07 09:06:09,-16.9423,28.8821,5753.1,False,190.39,181.24,-10.08,,6225.54,5240,False,0
4bb044,THY7UJ,Turkey,2026-09-07 09:05:05,2026-09-07 09:06:02,37.4986,39.6618,10363.2,False,206.56,285.46,0.33,,10843.26,1043,False,0
750148,,Malaysia,2026-09-07 09:06:09,2026-09-07 09:06:09,101.702,2.6598,861.06,False,108.7,218.66,14.63,,891.54,,False,0
00b08d,SFR294,South Africa,2026-09-07 09:01:11,2026-09-07 09:01:14,26.6186,-27.3313,10972.8,False,226.27,224.63,0.98,,11567.16,,False,0
4910f7,VVV121,Portugal,2026-09-07 09:05:57,2026-09-07 09:06:06,1.3793,38.8786,,True,0.0,334.69,,,,,False,0
00b094,SFR811,South Africa,2026-09-07 09:06:09,2026-09-07 09:06:09,29.0909,-23.7966,11582.4,False,219.86,190.65,0.0,,12237.72,,False,0
00b091,SFR661,South Africa,2026-09-07 09:03:39,2026-09-07 09:03:39,29.3311,-27.8349,9448.8,False,238.11,156.98,0.0,,9966.96,,False,0
018090,LWA102,Libyan Arab Jamahiriya,2026-09-07 09:06:08,2026-09-07 09:06:08,30.6605,37.9612,10980.42,False,226.91,353.23,0.33,,11582.4,4110,False,0
88596c,TVJ306,Thailand,2026-09-07 09:06:09,2026-09-07 09:06:09,99.2189,9.7821,10408.92,False,248.1,205.02,-13.33,,8176.26,,False,0
781dbe,CSS157,China,2026-09-07 09:06:07,2026-09-07 09:06:08,88.7234,24.7184,9144.0,False,255.55,291.24,0.33,,9723.12,3123,False,0
00b089,SFR177,South Africa,2026-09-07 09:02:16,2026-09-07 09:02:20,18.6023,-33.9668,-38.1,False,63.89,165.07,-0.65,,76.2,,False,0
89664c,ETD405,United Arab Emirates,2026-09-07 09:06:08,2026-09-07 09:06:08,97.4443,15.1265,9753.6,False,258.85,289.26,0.0,,9890.76,,False,0
4bb05a,TKJ7XM,Turkey,2026-09-07 09:06:04,2026-09-07 09:06:06,30.6492,38.7546,10355.58,False,206.29,301.75,0.0,,10980.42,0762,False,0
496c89,BC004,Portugal,2026-09-07 09:06:03,2026-09-07 09:06:05,-7.9662,37.0131,,True,7.46,146.25,,,,,False,0
484c9b,TRA22C,Kingdom of the Netherlands,2026-09-07 09:06:09,2026-09-07 09:06:09,-5.1106,35.8825,11887.2,False,235.75,208.69,0.33,,12580.62,7166,False,0
8008c6,FLW ME 4,India,2026-09-07 09:06:08,2026-09-07 09:06:08,88.441,22.6494,,True,6.69,2.81,,,,,False,0
8008c3,IGO6454,India,2026-09-07 09:01:39,2026-09-07 09:01:39,77.8271,30.1333,1920.24,False,122.04,80.54,-3.58,,1935.48,,False,0
896605,FDB1081,United Arab Emirates,2026-09-07 09:05:21,2026-09-07 09:06:07,51.521,26.379,10972.8,False,242.03,293.02,0.0,,11757.66,0550,False,0
00b02e,SAA222,South Africa,2026-09-07 09:06:09,2026-09-07 09:06:09,28.2501,-26.0936,1927.86,False,92.46,14.5,11.38,,2141.22,,False,0
018086,LWA801,Libyan Arab Jamahiriya,2026-09-07 09:06:08,2026-09-07 09:06:08,12.5824,33.2995,3314.7,False,173.94,128.4,-9.1,,3589.02,6142,False,0
34768e,VLG71WA,Spain,2026-09-07 09:06:09,2026-09-07 09:06:09,-3.7822,36.9998,10614.66,False,231.12,46.89,7.48,,11300.46,6456,False,0
34768c,VLG81NT,Spain,2026-09-07 09:02:16,2026-09-07 09:02:25,1.3692,38.8757,,True,0.0,331.88,,,,6365,False,0
34635a,AEA1301,Spain,2026-09-07 09:06:08,2026-09-07 09:06:08,17.1182,38.7918,11887.2,False,262.7,99.92,-0.33,,12588.24,1452,False,0
885968,TVJ2301,Thailand,2026-09-07 09:06:08,2026-09-07 09:06:08,99.43,9.3996,10058.4,False,226.37,16.91,0.33,,,,False,0
485f84,KLM706,Kingdom of the Netherlands,2026-09-07 09:06:03,2026-09-07 09:06:06,-10.6882,35.0037,12192.0,False,252.44,29.28,-0.33,,12885.42,,False,0
89659d,ABY514,United Arab Emirates,2026-09-07 09:06:08,2026-09-07 09:06:09,86.2633,24.259,10660.38,False,231.4,86.56,0.0,,11376.66,3407,False,0
34644e,IBS16AJ,Spain,2026-09-07 09:06:08,2026-09-07 09:06:08,-5.7131,39.9537,9441.18,False,222.04,232.63,0.0,,10088.88,2661,False,0
4b84cd,TCAFM,Turkey,2026-09-07 09:06:08,2026-09-07 09:06:09,34.5834,34.9658,12192.0,False,191.51,263.68,0.0,,12923.52,5612,False,0
896598,ETD403,United Arab Emirates,2026-09-07 09:06:02,2026-09-07 09:06:02,54.4363,24.5537,1051.56,False,106.59,44.41,-2.6,,1066.8,4732,False,0
896597,ETD79H,United Arab Emirates,2026-09-07 09:06:08,2026-09-07 09:06:08,-3.7862,34.2779,10485.12,False,257.2,71.82,3.9,,11170.92,6443,False,0
48af0e,LOT7PA,Poland,2026-09-07 09:06:08,2026-09-07 09:06:08,-2.672,36.7697,2133.6,False,126.9,252.3,9.43,,2385.06,,False,0
740826,RJA125,Jordan,2026-09-07 09:06:09,2026-09-07 09:06:09,29.4775,35.0308,12184.38,False,232.4,319.4,0.0,,12931.14,5624,False,0
740827,RJA263,Jordan,2026-09-07 09:06:08,2026-09-07 09:06:08,34.2625,32.1129,7901.94,False,231.45,283.76,6.5,,8465.82,2227,False,0
740823,RJA291,Jordan,2026-09-07 09:06:08,2026-09-07 09:06:08,30.5627,34.9967,10363.2,False,239.66,319.27,-0.33,,11033.76,2217,False,0
48af07,LOT6861,Poland,2026-09-07 09:00:56,2026-09-07 09:00:56,30.7909,36.8874,53.34,False,70.96,6.66,-1.3,,91.44,6045,False,0
44cc41,BEL9VN,Belgium,2026-09-07 09:06:08,2026-09-07 09:06:09,23.175,37.7032,10363.2,False,222.11,320.26,0.0,,11026.14,,False,0
600842,AHY283,Azerbaijan,2026-09-07 09:06:02,2026-09-07 09:06:03,45.1254,39.8718,5471.16,False,158.25,217.21,-8.45,,5753.1,1307,False,0
406532,BAW490,United Kingdom,2026-09-07 09:02:46,2026-09-07 09:02:46,-5.3469,36.1531,,True,0.0,357.19,,,,2217,False,0
89656c,FDB1636,United Arab Emirates,2026-09-07 09:06:08,2026-09-07 09:06:09,34.8156,32.004,624.84,False,91.59,255.03,8.13,,655.32,0722,False,0
8964c2,ETD108,United Arab Emirates,2026-09-07 09:05:58,2026-09-07 09:06:06,2.5702,36.4871,11879.58,False,257.75,89.31,0.0,,12550.14,4602,False,0
4076ed,EXS67K,United Kingdom,2026-09-07 09:06:08,2026-09-07 09:06:08,-8.08,37.0432,1005.84,False,89.78,352.43,5.2,,1158.24,,False,0
05a054,,Maldives,2026-09-07 09:05:37,2026-09-07 09:05:37,76.5847,10.0607,998.22,False,117.35,358.24,-7.15,,1059.18,,False,0
750211,MAS2641,Malaysia,2026-09-07 09:06:08,2026-09-07 09:06:08,101.659,3.0817,2484.12,False,131.69,280.12,-6.5,,2613.66,,False,0
4076dd,EXS72LK,United Kingdom,2026-09-07 09:05:15,2026-09-07 09:05:40,27.2589,38.3157,3040.38,False,158.98,166.91,-11.05,,3276.6,6626,False,0
75021c,MAS620,Malaysia,2026-09-07 09:06:08,2026-09-07 09:06:08,102.1742,2.7071,4480.56,False,165.42,296.41,-2.93,,4747.26,,False,0
75021f,MAS2718,Malaysia,2026-09-07 09:06:08,2026-09-07 09:06:09,102.8552,3.1065,7292.34,False,223.86,63.67,9.43,,7757.16,,False,0
75021e,MAS1336,Malaysia,2026-09-07 09:06:09,2026-09-07 09:06:09,101.8934,2.6327,2293.62,False,148.12,79.39,11.7,,2400.3,,False,0
8964a2,UAE64P,United Arab Emirates,2026-09-07 09:06:08,2026-09-07 09:06:08,23.858,36.145,10972.8,False,234.58,310.64,0.0,,11673.84,,False,0
76cc71,SIA806,Singapore,2026-09-07 09:06:09,2026-09-07 09:06:09,103.8941,2.0358,5387.34,False,212.37,356.39,5.2,,5722.62,,False,0
76cc72,SIA401,Singapore,2026-09-07 09:06:08,2026-09-07 09:06:08,103.9909,1.3691,,True,4.37,112.5,,,,,False,0
008569,LMG4,South Africa,2026-09-07 09:03:29,2026-09-07 09:03:34,36.9169,-1.3272,1539.24,False,62.26,54.08,-0.33,,1638.3,,False,0
496cb2,FM077,Portugal,2026-09-07 09:05:59,2026-09-07 09:05:59,-7.9702,37.0187,,True,2.57,331.88,,,,,False,0
3463cb,HRN125,Spain,2026-09-07 09:06:08,2026-09-07 09:06:08,2.1498,39.4671,4625.34,False,141.74,273.54,4.23,,5044.44,1000,False,0
496ca3,RFF01,Portugal,2026-09-07 09:01:40,2026-09-07 09:01:40,-7.966,37.013,,True,8.23,140.62,,,,,False,0
76cd04,SIA928,Singapore,2026-09-07 09:06:09,2026-09-07 09:06:09,103.9565,1.2601,784.86,False,124.22,203.17,9.75,,822.96,,False,0
76cd16,SIA122,Singapore,2026-09-07 09:06:09,2026-09-07 09:06:09,101.9886,2.8407,4008.12,False,157.96,294.23,-7.8,,4244.34,,False,0
76cd15,SIA917,Singapore,2026-09-07 09:06:04,2026-09-07 09:06:04,103.9811,1.3564,,True,11.83,180.0,,,,,False,0
75027b,MAS1396,Malaysia,2026-09-07 09:06:09,2026-09-07 09:06:09,102.2593,2.8925,4587.24,False,194.17,5.02,10.73,,4853.94,,False,0
76cd0d,SIA611,Singapore,2026-09-07 09:01:38,2026-09-07 09:01:40,103.9843,1.3554,,True,0.06,126.56,,,,,False,0
8965f8,ABY338,United Arab Emirates,2026-09-07 09:06:08,2026-09-07 09:06:08,38.5549,30.8582,10386.06,False,250.13,109.96,9.43,,11102.34,,False,0
8965f6,ABY146,United Arab Emirates,2026-09-07 09:02:58,2026-09-07 09:06:08,52.1532,26.4314,11079.48,False,238.62,110.31,0.0,,12054.84,5232,False,0
7c5328,QFA81,Australia,2026-09-07 09:06:06,2026-09-07 09:06:06,103.9925,1.3651,,True,4.37,233.44,,,,,False,0
896785,VGG032,United Arab Emirates,2026-09-07 09:05:53,2026-09-07 09:05:53,25.3514,37.4279,,True,13.38,340.31,,,,,False,0
aa7082,AAL326,United States,2026-09-07 09:06:08,2026-09-07 09:06:08,22.9537,39.9365,11887.2,False,252.85,145.7,-0.33,,12565.38,1155,False,0
896748,ABY341,United Arab Emirates,2026-09-07 09:06:02,2026-09-07 09:06:05,83.8693,22.9854,11277.6,False,223.64,93.3,0.0,,12009.12,3413,False,0
896746,ABY816,United Arab Emirates,2026-09-07 09:06:09,2026-09-07 09:06:09,92.6126,15.2611,11887.2,False,224.43,139.56,0.0,,,,False,0
781eed,CTJ3859,China,2026-09-07 09:02:02,2026-09-07 09:02:02,101.6287,21.1778,9753.6,False,227.46,145.41,0.0,,,,False,0
896727,ABY195,United Arab Emirates,2026-09-07 09:01:52,2026-09-07 09:06:05,54.5508,24.2635,8023.86,False,217.39,227.59,4.88,,8313.42,1701,False,0
896740,ABY824,United Arab Emirates,2026-09-07 09:06:08,2026-09-07 09:06:08,68.0404,21.4194,10355.58,False,240.49,293.71,0.0,,11018.52,,False,0
70aa75,RNA434,Nepal,2026-09-07 09:06:08,2026-09-07 09:06:08,85.9829,26.2598,8846.82,False,242.08,309.14,-10.4,,9448.8,0147,False,0
89405b,GFA505,Bahrain,2026-09-07 09:02:20,2026-09-07 09:06:08,55.1402,25.237,2849.88,False,151.99,261.24,12.03,,2491.74,6203,False,0
4b83c1,OR2024,Turkey,2026-09-07 09:06:07,2026-09-07 09:06:08,28.0989,37.2613,0.0,False,74.85,119.21,3.58,,,,False,0
346553,A351,Spain,2026-09-07 09:06:08,2026-09-07 09:06:08,28.0597,37.269,1584.96,False,70.51,110.95,0.98,,1737.36,,False,0
89667d,UAE386,United Arab Emirates,2026-09-07 09:06:08,2026-09-07 09:06:08,85.0252,22.4707,11887.2,False,243.6,94.6,0.0,,12626.34,6230,False,0
7501fc,AXM886,Malaysia,2026-09-07 09:06:06,2026-09-07 09:06:06,100.6922,14.1084,876.3,False,89.72,172.75,-3.25,,899.16,,False,0
896690,ABY175,United Arab Emirates,2026-09-07 09:06:08,2026-09-07 09:06:08,51.8535,26.2331,11582.4,False,226.63,295.98,0.0,,12352.02,1730,False,0
345215,AEA15VR,Spain,2026-09-07 09:06:06,2026-09-07 09:06:08,2.4094,39.4491,2415.54,False,149.11,286.43,10.73,,2689.86,1000,False,0
89668a,FDB5KG,United Arab Emirates,2026-09-07 09:05:09,2026-09-07 09:05:09,34.1575,39.0369,10972.8,False,204.54,297.08,0.0,,11559.54,0551,False,0
896698,ETD607,United Arab Emirates,2026-09-07 09:06:08,2026-09-07 09:06:08,35.315,31.9773,2811.78,False,151.08,286.21,-2.28,,3002.28,3416,False,0
40796c,TOM6GB,United Kingdom,2026-09-07 09:06:09,2026-09-07 09:06:09,-13.8101,31.9963,11277.6,False,226.66,205.4,0.0,,11940.54,,False,0
76cd46,SIA27,Singapore,2026-09-07 09:01:01,2026-09-07 09:01:01,103.9821,1.3502,,True,1.03,154.69,,,,,False,0
4d00ee,LGL72M,Luxembourg,2026-09-07 09:06:08,2026-09-07 09:06:08,-16.7599,32.7097,243.84,False,83.87,48.98,14.63,,388.62,,False,0
8965d3,FDB3XY,United Arab Emirates,2026-09-07 09:02:10,2026-09-07 09:06:00,54.0789,25.7451,5829.3,False,197.95,101.54,-12.35,,6263.64,6140,False,0
8965d7,FDB1074,United Arab Emirates,2026-09-07 09:06:09,2026-09-07 09:06:09,48.9204,27.3795,12496.8,False,235.6,109.38,0.0,,13327.38,0715,False,0
8965d5,FDB3YX,United Arab Emirates,2026-09-07 09:05:48,2026-09-07 09:05:48,58.045,25.2576,9060.18,False,249.23,92.48,3.9,,9509.76,6210,False,0
8965cc,FDB7UE,United Arab Emirates,2026-09-07 09:06:08,2026-09-07 09:06:08,47.9308,39.9035,11277.6,False,260.16,124.85,0.0,,11750.04,3141,False,0
8965b1,FDB34Q,United Arab Emirates,2026-09-07 09:06:08,2026-09-07 09:06:08,25.0718,39.4258,10972.8,False,220.18,304.43,0.0,,11643.36,0536,False,0
8832d0,TLM513,Thailand,2026-09-07 09:03:17,2026-09-07 09:03:26,100.6427,13.9801,403.86,False,77.4,209.46,-4.23,,373.38,,False,0
76cd70,SIA406,Singapore,2026-09-07 09:06:08,2026-09-07 09:06:08,103.991,1.343,30.48,False,30.87,202.5,,,,,False,0
152079,NWS3530,Russian Federation,2026-09-07 09:06:09,2026-09-07 09:06:09,92.4616,18.5373,10363.2,False,253.83,310.89,0.33,,11018.52,,False,0
4d00f2,LGL51P,Luxembourg,2026-09-07 09:06:09,2026-09-07 09:06:09,-9.0783,39.014,4008.12,False,146.2,221.15,-5.2,,4381.5,3366,False,0
4d00e8,LGL846,Luxembourg,2026-09-07 09:06:08,2026-09-07 09:06:08,26.6943,36.5217,7726.68,False,203.06,277.86,9.75,,8237.22,,False,0
3c49b1,TUI75T,Germany,2026-09-07 09:06:09,2026-09-07 09:06:09,11.6379,38.5616,11582.4,False,243.79,3.51,0.0,,12260.58,6164,False,0
8965c3,FDB52X,United Arab Emirates,2026-09-07 09:06:08,2026-09-07 09:06:08,35.2983,35.3745,10972.8,False,218.61,297.77,0.33,,11643.36,0562,False,0
4b984f,FHY1321,Turkey,2026-09-07 09:06:08,2026-09-07 09:06:08,30.7887,38.2609,7688.58,False,218.87,352.71,6.18,,8191.5,6427,True,0
4b9856,FHY8014,Turkey,2026-09-07 09:06:08,2026-09-07 09:06:08,30.8142,36.9178,434.34,False,74.02,19.06,9.1,,487.68,,False,0
152013,AFL805,Russian Federation,2026-09-07 09:06:09,2026-09-07 09:06:09,32.0338,36.8995,6477.0,False,222.33,91.59,7.48,,6934.2,0737,False,0
407908,VOR02,United Kingdom,2026-09-07 09:02:01,2026-09-07 09:06:07,51.7047,24.8888,967.74,False,77.11,251.32,1.3,,883.92,1545,False,0
748016,MEA320,Lebanon,2026-09-07 09:06:01,2026-09-07 09:06:01,35.2376,33.6966,2476.5,False,148.47,343.7,11.38,,2636.52,,False,0
0201d1,RAM273C,Morocco,2026-09-07 09:06:08,2026-09-07 09:06:08,16.4091,36.1509,10363.2,False,232.08,283.85,0.0,,11033.76,,False,0
750324,AXM6432,Malaysia,2026-09-07 09:03:07,2026-09-07 09:03:07,102.2742,4.021,8793.48,False,229.45,356.14,5.2,,9387.84,,False,0
894095,GFA043,Bahrain,2026-09-07 09:05:52,2026-09-07 09:05:52,38.0425,33.673,10370.82,False,224.33,332.85,0.0,,11033.76,,False,0
894098,GFA142,Bahrain,2026-09-07 09:06:04,2026-09-07 09:06:04,-1.0783,35.1594,11269.98,False,251.77,64.85,0.0,,11955.78,6437,False,0
8a08e9,SJV832,Indonesia,2026-09-07 09:05:17,2026-09-07 09:05:40,100.6567,1.2466,6987.54,False,236.22,318.71,6.18,,7452.36,,False,0
152036,AFL295,Russian Federation,2026-09-07 09:06:09,2026-09-07 09:06:09,78.9134,28.6203,11582.4,False,256.09,320.3,0.0,,12344.4,5572,False,0
15203c,AFL635,Russian Federation,2026-09-07 09:06:09,2026-09-07 09:06:09,101.111,19.5229,11277.6,False,236.14,33.45,0.0,,12031.98,,False,0
4b8533,PGT82DX,Turkey,2026-09-07 09:06:08,2026-09-07 09:06:09,30.9434,34.8337,10972.8,False,230.7,355.4,0.0,,11666.22,7352,False,0
46bc39,OAL4MS,Greece,2026-09-07 09:06:05,2026-09-07 09:06:06,23.9522,37.9346,,True,0.0,70.31,,,,,False,0
c07998,TSC694,Canada,2026-09-07 09:06:08,2026-09-07 09:06:08,22.9135,37.7012,3688.08,False,176.26,106.8,-7.15,,4008.12,1156,False,0
02d484,FHD8068,Tunisia,2026-09-07 09:06:08,2026-09-07 09:06:08,10.6418,34.6929,2743.2,False,34.61,11.14,1.95,,3009.9,0052,False,0
04014e,ETH873,Ethiopia,2026-09-07 09:06:05,2026-09-07 09:06:06,35.8496,-1.4682,12192.0,False,250.66,196.58,0.0,,12946.38,,False,0
04014c,,Ethiopia,2026-09-07 09:05:44,2026-09-07 09:05:44,37.0182,-2.4643,7810.5,False,227.94,352.22,6.83,,7650.48,,False,0
70620e,JZR305,Kuwait,2026-09-07 09:06:08,2026-09-07 09:06:08,37.8001,34.1554,10355.58,False,223.72,340.52,0.0,,11026.14,,False,0
49d3d6,TVS2508,Czech Republic,2026-09-07 09:06:08,2026-09-07 09:06:08,23.3976,35.7676,11277.6,False,249.85,153.59,0.0,,12001.5,4526,False,0
899039,EVA067,Taiwan,2026-09-07 09:03:27,2026-09-07 09:04:04,80.9544,26.7346,9144.0,False,271.24,317.38,0.0,,9715.5,6147,False,0
406f86,EXS92EL,United Kingdom,2026-09-07 09:06:08,2026-09-07 09:06:08,-0.8606,38.7162,3169.92,False,154.31,210.67,-5.53,,3512.82,0521,False,0
406f87,EXS19G,United Kingdom,2026-09-07 09:06:08,2026-09-07 09:06:08,-4.6236,38.6534,11277.6,False,224.52,197.6,0.0,,11955.78,5262,False,0
3c8481,ADN87D,Germany,2026-09-07 09:05:34,2026-09-07 09:05:34,9.2612,39.1034,754.38,False,103.51,267.44,-0.33,,922.02,,False,0
4ca4ec,RYR33XD,Ireland,2026-09-07 09:01:20,2026-09-07 09:01:20,9.1248,39.1905,335.28,False,93.61,317.9,-4.88,,480.06,5403,False,0
3e272b,PAV661,Germany,2026-09-07 09:06:08,2026-09-07 09:06:08,-9.5077,39.3074,5372.1,False,180.99,204.16,-7.8,,5775.96,3362,False,0
50840a,UTN3624,Ukraine,2026-09-07 09:06:08,2026-09-07 09:06:08,31.3173,32.0055,10972.8,False,236.6,354.76,0.0,,11734.8,6143,False,0
394a03,AFR443,France,2026-09-07 09:06:09,2026-09-07 09:06:09,-13.4505,30.7277,10972.8,False,260.04,27.83,0.0,,11643.36,,False,0
aa6ccb,,United States,2026-09-07 09:06:08,2026-09-07 09:06:08,23.9416,37.9264,,True,2.31,126.56,,,,,False,0
49d570,DFC61H,Czech Republic,2026-09-07 09:06:08,2026-09-07 09:06:08,-0.2887,39.692,13106.4,False,227.17,228.95,0.33,,13746.48,3562,False,0
040202,ETH3404,Ethiopia,2026-09-07 09:06:08,2026-09-07 09:06:08,34.931,32.0658,373.38,False,81.05,208.84,-3.58,,403.86,5516,False,0
04020b,SKK055,Ethiopia,2026-09-07 09:06:08,2026-09-07 09:06:08,-16.4668,14.6893,6332.22,False,192.26,128.37,17.88,,6781.8,,False,0
06a3b7,QTR8237,Qatar,2026-09-07 09:05:36,2026-09-07 09:06:08,31.5702,29.9817,10363.2,False,243.47,304.93,0.0,,11117.58,2105,False,0
06a3b2,A7GQE,Qatar,2026-09-07 09:04:34,2026-09-07 09:06:07,51.7058,25.3424,518.16,False,80.22,72.84,3.9,,388.62,1512,False,0
06a3b0,A7GQC,Qatar,2026-09-07 09:05:58,2026-09-07 09:06:07,51.7585,25.3533,213.36,False,70.66,253.94,-0.33,,152.4,1503,False,0
06a3af,A7GQB,Qatar,2026-09-07 09:04:13,2026-09-07 09:04:13,51.9676,26.535,121.92,False,24.78,265.24,4.88,,38.1,1505,False,0
3c70c7,GEC8290,Germany,2026-09-07 09:06:09,2026-09-07 09:06:09,32.7805,32.6286,11277.6,False,227.9,270.26,0.0,,12039.6,2204,False,0
3c70d5,DCS203,Germany,2026-09-07 09:06:08,2026-09-07 09:06:08,29.9355,39.505,9555.48,False,254.13,156.5,4.55,,10134.6,2365,False,0
04005e,MWI020,Ethiopia,2026-09-07 09:06:09,2026-09-07 09:06:09,30.0928,-24.4923,11582.4,False,212.75,231.58,0.0,,12222.48,,False,0
009e24,LNK927R,South Africa,2026-09-07 09:06:08,2026-09-07 09:06:08,27.8403,-26.2832,6149.34,False,175.41,234.91,10.4,,6522.72,,False,0
4ba9cf,THY847,Turkey,2026-09-07 09:06:09,2026-09-07 09:06:09,32.8562,37.1826,10965.18,False,224.35,312.21,-0.65,,11628.12,5703,False,0
4ba9cd,THY575,Turkey,2026-09-07 09:06:08,2026-09-07 09:06:08,20.5758,39.3523,11887.2,False,260.44,63.49,0.0,,12580.62,4115,False,0
06a377,QTR843,Qatar,2026-09-07 09:02:20,2026-09-07 09:05:41,51.5617,25.4033,,True,91.52,158.92,-4.23,,,4726,False,0
06a374,QTR23Y,Qatar,2026-09-07 09:05:56,2026-09-07 09:05:58,32.5567,29.5205,7094.22,False,216.37,278.48,-9.75,,7673.34,3206,False,0
06a36a,A7GHY,Qatar,2026-09-07 09:02:40,2026-09-07 09:02:56,51.5622,25.2748,68.58,True,0.0,160.31,,,,1510,False,0
4ba9f5,THY6318,Turkey,2026-09-07 09:06:02,2026-09-07 09:06:08,47.8829,24.4007,11277.6,False,240.51,133.7,0.0,,12085.32,2366,False,0
06a390,QTR8975,Qatar,2026-09-07 08:57:44,2026-09-07 09:01:27,89.601,17.7151,10363.2,False,262.57,288.51,0.0,,11010.9,,False,0
06a38c,QTR1171,Qatar,2026-09-07 09:03:02,2026-09-07 09:06:09,51.635,25.5309,708.66,False,122.24,233.9,-4.23,,1965.96,4234,False,0
76e975,R31,Singapore,2026-09-07 09:02:34,2026-09-07 09:02:34,103.9855,1.3727,,True,11.83,202.5,,,,,False,0
44d1a1,JAF9TC,Belgium,2026-09-07 09:06:07,2026-09-07 09:06:07,1.3681,38.8751,,True,0.0,16.88,,,,6356,False,0
76e999,R86,Singapore,2026-09-07 09:04:37,2026-09-07 09:04:37,103.9794,1.3723,,True,10.29,126.56,,,,,False,0
009e06,SAA319,South Africa,2026-09-07 09:06:07,2026-09-07 09:06:08,19.6932,-33.0415,7299.96,False,202.62,225.1,-10.4,,7772.4,,False,0
743395,NASHMI02,Jordan,2026-09-07 09:06:08,2026-09-07 09:06:08,33.4159,34.8898,1493.52,False,66.9,271.32,3.25,,1607.82,,False,0
86ef4a,ANA837,Japan,2026-09-07 09:06:09,2026-09-07 09:06:09,89.3869,24.6258,12184.38,False,254.22,282.74,-0.33,,12984.48,2623,False,0
48520b,TRA39U,Kingdom of the Netherlands,2026-09-07 09:06:09,2026-09-07 09:06:09,-0.186,38.6933,5303.52,False,189.09,23.92,13.33,,5715.0,1000,False,0
43c57a,STNGR81,United Kingdom,2026-09-07 09:02:00,2026-09-07 09:02:01,32.9816,34.5894,38.1,False,0.0,0.0,0.33,,45.72,,False,0
06a2e8,QTR76F,Qatar,2026-09-07 09:06:07,2026-09-07 09:06:08,32.2407,29.5305,11574.78,False,244.1,307.98,0.0,,12412.98,3204,False,0
06a2e7,QTR92J,Qatar,2026-09-07 09:06:09,2026-09-07 09:06:09,9.1655,35.6599,11269.98,False,252.0,137.65,0.0,,11948.16,,False,0
06a2df,QTR79X,Qatar,2026-09-07 09:06:09,2026-09-07 09:06:09,50.3695,26.8126,9753.6,False,257.63,316.46,0.0,,10439.4,2175,False,0
3532c6,DUMBO60,Spain,2026-09-07 09:06:06,2026-09-07 09:06:08,4.459,39.1226,7307.58,False,186.91,283.69,0.33,,7825.74,3425,False,0
06a2f3,QTR61L,Qatar,2026-09-07 09:02:06,2026-09-07 09:06:07,53.6452,24.5924,8336.28,False,318.95,300.54,48.44,,10881.36,4043,False,0
06a2f0,QTR145,Qatar,2026-09-07 09:06:09,2026-09-07 09:06:09,30.6649,30.7611,11574.78,False,240.92,316.73,-0.33,,12390.12,3250,False,0
46ced4,SEH2TR,Greece,2026-09-07 09:05:58,2026-09-07 09:05:58,23.9555,37.9414,,True,6.43,309.38,,,,,False,0
06a2ed,QTR10H,Qatar,2026-09-07 09:06:08,2026-09-07 09:06:08,12.8919,36.362,11887.2,False,268.02,99.39,0.0,,12611.1,4101,False,0
06a2eb,QTR839,Qatar,2026-09-07 09:02:38,2026-09-07 09:06:09,52.715,25.2979,3337.56,False,267.93,276.95,53.32,,6537.96,3501,False,0
49d421,TVL5380,Czech Republic,2026-09-07 09:06:09,2026-09-07 09:06:09,27.0817,39.616,11887.2,False,248.9,136.51,0.0,,12550.14,2254,False,0
49d41e,TVS7KT,Czech Republic,2026-09-07 09:06:09,2026-09-07 09:06:09,-1.7095,37.8294,10972.8,False,224.16,56.89,0.0,,11643.36,5303,False,0
4850f5,KLM835,Kingdom of the Netherlands,2026-09-07 09:06:05,2026-09-07 09:06:06,103.9983,1.3649,,True,0.51,202.5,,,,,False,0
78165e,DKH1602,China,2026-09-07 09:06:08,2026-09-07 09:06:08,103.9262,2.5268,7909.56,False,238.98,18.71,2.93,,8458.2,,False,0
406ecc,VIR355,United Kingdom,2026-09-07 09:04:24,2026-09-07 09:04:31,53.9675,22.2834,10972.8,False,260.61,274.53,-0.33,,11727.18,,False,0
46bc54,AEE224,Greece,2026-09-07 09:06:08,2026-09-07 09:06:08,25.1356,37.4858,3954.78,False,141.73,117.22,-0.65,,4236.72,,False,0
46bc55,AEE242,Greece,2026-09-07 09:06:09,2026-09-07 09:06:09,24.4715,37.4657,4259.58,False,129.82,288.72,0.0,,4564.38,,False,0
46bc4b,AEE3HS,Greece,2026-09-07 09:06:09,2026-09-07 09:06:09,23.8696,37.8695,396.24,False,58.85,36.47,-3.9,,525.78,,False,0
46bc49,AEE174,Greece,2026-09-07 09:06:07,2026-09-07 09:06:07,21.1491,39.9781,4876.8,False,139.46,222.46,0.0,,5250.18,,False,0
46bc51,OAL012,Greece,2026-09-07 09:06:07,2026-09-07 09:06:08,24.9746,37.2872,1554.48,False,136.49,130.41,-3.25,,1722.12,,False,0
4ba8cf,THY3032,Turkey,2026-09-07 09:06:08,2026-09-07 09:06:08,35.0962,38.4007,10668.0,False,245.36,40.07,0.0,,11269.98,0726,False,0
4a12ae,AWG703,Romania,2026-09-07 09:06:08,2026-09-07 09:06:08,32.0746,33.3611,9989.82,False,214.11,339.17,2.6,,10652.76,4150,False,0
4ba8e3,TKJ3GH,Turkey,2026-09-07 09:03:27,2026-09-07 09:03:29,36.2724,39.11,11269.98,False,263.05,113.76,0.33,,11849.1,,False,0
4ba8f9,TKJ4042,Turkey,2026-09-07 09:04:21,2026-09-07 09:04:21,28.1922,38.4379,6187.44,False,189.36,260.46,-9.75,,6972.3,0773,False,0
4ba8f2,TKJ8AT,Turkey,2026-09-07 09:05:39,2026-09-07 09:05:39,4.9757,37.9799,8602.98,False,238.31,223.86,-2.93,,9166.86,2317,False,0
406d92,EZY93QB,United Kingdom,2026-09-07 09:06:08,2026-09-07 09:06:08,-0.7434,38.8307,4472.94,False,159.28,216.46,-2.93,,4899.66,0526,False,0
4ba8d5,TKJ540,Turkey,2026-09-07 09:01:00,2026-09-07 09:01:56,33.1477,37.8326,13502.64,True,225.89,353.2,0.0,,,5646,False,0
8991af,CAL835,Taiwan,2026-09-07 09:06:08,2026-09-07 09:06:08,100.9557,13.9038,2141.22,False,128.61,333.13,-6.83,,2194.56,,False,0
49d1cd,TVP7465,Czech Republic,2026-09-07 09:06:08,2026-09-07 09:06:08,25.5002,38.1875,10972.8,False,228.23,333.49,0.0,,11643.36,,False,0
406d78,BAW33,United Kingdom,2026-09-07 09:06:09,2026-09-07 09:06:09,101.6308,2.8842,769.62,False,85.61,146.02,-4.55,,807.72,,False,0
406d79,BAW15,United Kingdom,2026-09-07 09:06:09,2026-09-07 09:06:09,101.9244,2.903,11879.58,False,244.27,146.08,0.0,,12649.2,,False,0
4ba950,THY2CP,Turkey,2026-09-07 09:06:09,2026-09-07 09:06:09,18.0189,38.5255,11887.2,False,261.7,39.42,0.0,,12588.24,6570,False,0
008df8,SFR702,South Africa,2026-09-07 09:06:08,2026-09-07 09:06:08,18.5809,-33.741,1379.22,False,106.79,241.83,-2.28,,1546.86,,False,0
4ba993,THY4NZ,Turkey,2026-09-07 09:06:08,2026-09-07 09:06:08,35.6357,38.2455,8869.68,False,221.31,311.14,5.2,,9380.22,5150,False,0
4ca301,RYR1239,Ireland,2026-09-07 09:06:08,2026-09-07 09:06:08,20.4259,39.3329,10972.8,False,230.72,303.73,0.0,,11620.5,,False,0
4ca304,RYR10NM,Ireland,2026-09-07 09:06:07,2026-09-07 09:06:07,2.3621,39.6818,3474.72,False,181.92,325.95,9.1,,3794.76,5376,False,0
86eee4,ANA829,Japan,2026-09-07 09:06:09,2026-09-07 09:06:09,89.572,22.2747,10972.8,False,254.91,279.29,0.0,,11711.94,6332,False,0
407eeb,EXS76N,United Kingdom,2026-09-07 09:06:08,2026-09-07 09:06:08,25.6954,39.608,11277.6,False,242.46,148.54,-0.33,,11948.16,2011,False,0
48e9b9,ENT1GA,Poland,2026-09-07 09:06:08,2026-09-07 09:06:08,-8.8187,34.422,11887.2,False,232.43,218.62,0.0,,12595.86,3552,False,0
008d4b,ZUADB,South Africa,2026-09-07 09:06:08,2026-09-07 09:06:08,18.9694,-33.8315,1150.62,False,85.91,127.21,-1.95,,1272.54,,False,0
744832,RJA117,Jordan,2026-09-07 09:06:08,2026-09-07 09:06:08,27.782,35.4742,10965.18,False,209.5,304.9,0.0,,11650.98,5621,False,0
74482f,RJA5111,Jordan,2026-09-07 09:06:08,2026-09-07 09:06:09,26.1879,38.8071,9753.6,False,225.04,305.98,0.0,,10393.68,5633,False,0
74482e,RJA113,Jordan,2026-09-07 09:06:09,2026-09-07 09:06:09,31.5901,33.5756,10355.58,False,216.31,304.14,0.0,,11049.0,6626,False,0
74482d,RJA109,Jordan,2026-09-07 09:06:08,2026-09-07 09:06:09,31.7928,32.9948,9761.22,False,213.73,296.44,-0.33,,10447.02,5625,False,0
74482b,RJA165,Jordan,2026-09-07 09:06:09,2026-09-07 09:06:09,29.9479,39.7769,8839.2,False,225.35,336.6,-4.88,,9380.22,5601,False,0
74482a,RJA503,Jordan,2026-09-07 09:06:06,2026-09-07 09:06:08,33.5997,29.3427,9144.0,False,239.15,288.05,0.0,,9837.42,0772,False,0
744829,RJA115,Jordan,2026-09-07 09:06:08,2026-09-07 09:06:08,26.9047,35.9815,10363.2,False,217.16,303.99,0.0,,11041.38,5625,False,0
744828,RJA556,Jordan,2026-09-07 09:06:06,2026-09-07 09:06:06,22.2642,35.4284,11269.98,False,261.73,95.98,0.0,,12009.12,,False,0
744826,RJA551,Jordan,2026-09-07 09:06:09,2026-09-07 09:06:09,28.3122,34.345,10972.8,False,213.19,293.16,0.0,,11689.08,5607,False,0
744823,RJA159,Jordan,2026-09-07 09:06:08,2026-09-07 09:06:08,30.0086,34.6682,10972.8,False,218.06,317.2,0.0,,11696.7,5630,False,0
744831,RJA129,Jordan,2026-09-07 09:06:08,2026-09-07 09:06:08,31.2305,34.4021,10972.8,False,217.2,318.46,0.0,,11673.84,5635,False,0
406e2e,EXS14QZ,United Kingdom,2026-09-07 09:03:15,2026-09-07 09:03:15,-12.985,29.8207,7078.98,False,186.59,202.53,-9.43,,7620.0,,False,0
406e9f,EXS22RB,United Kingdom,2026-09-07 09:06:07,2026-09-07 09:06:08,-7.6257,37.0612,1577.34,False,126.93,203.66,-4.23,,1813.56,1167,False,0
4ba914,THY8PN,Turkey,2026-09-07 09:06:09,2026-09-07 09:06:09,36.7307,34.5954,9753.6,False,224.33,305.95,0.0,,10363.2,,False,0
743597,HERC43,Jordan,2026-09-07 09:06:09,2026-09-07 09:06:09,35.9184,31.885,2278.38,False,72.84,132.14,6.18,,2400.3,,False,0
743596,NASHMI1,Jordan,2026-09-07 09:06:09,2026-09-07 09:06:09,33.4133,34.8909,1524.0,False,68.47,272.15,3.25,,1630.68,,False,0
781801,CXA833,China,2026-09-07 09:05:31,2026-09-07 09:05:31,100.7667,13.7133,190.5,False,75.36,194.23,-3.58,,121.92,,False,0
4ba904,TKJ87E,Turkey,2026-09-07 09:06:08,2026-09-07 09:06:08,32.8695,36.3297,8244.84,False,227.58,146.06,-11.05,,8785.86,2354,False,0
4b9ec2,TCGVB,Turkey,2026-09-07 09:06:08,2026-09-07 09:06:08,30.2222,38.7107,13106.4,False,199.48,336.28,0.33,,13746.48,2253,False,0
406e10,VIR317,United Kingdom,2026-09-07 09:05:56,2026-09-07 09:06:05,31.7461,29.8622,10965.18,False,248.8,306.25,0.0,,11772.9,4772,False,0
8991e1,SJX745,Taiwan,2026-09-07 09:06:09,2026-09-07 09:06:09,101.3119,14.3182,5615.94,False,183.06,250.29,-8.78,,5920.74,,False,0
704015,MMA334,Myanmar,2026-09-07 09:06:09,2026-09-07 09:06:09,100.3442,13.9714,5318.76,False,188.33,298.74,8.45,,5615.94,,False,0
4ca226,RYR97YQ,Ireland,2026-09-07 09:03:42,2026-09-07 09:04:18,9.7773,39.3887,3192.78,False,164.62,216.87,-2.93,,3497.58,7435,False,0
342582,VLG8UY,Spain,2026-09-07 09:06:01,2026-09-07 09:06:06,1.3699,38.8747,,True,0.0,331.88,,,,,False,0
4ca24e,RYR99MM,Ireland,2026-09-07 09:04:31,2026-09-07 09:06:00,-5.7436,33.0768,10980.42,False,227.13,35.6,0.0,,11681.46,6471,False,0
49d26c,TVS44T,Czech Republic,2026-09-07 09:06:08,2026-09-07 09:06:08,30.7076,33.451,10340.34,False,222.0,329.81,6.18,,11018.52,7371,False,0
a98259,N71111,United States,2026-09-07 09:05:57,2026-09-07 09:06:05,32.771,29.1657,13106.4,False,239.1,308.45,0.33,,14066.52,1733,False,0
4ca256,RYR49WQ,Ireland,2026-09-07 09:06:08,2026-09-07 09:06:08,-1.6592,39.7697,9753.6,False,231.9,119.07,0.0,,10386.06,1000,False,0
46cd38,SEH050,Greece,2026-09-07 09:06:08,2026-09-07 09:06:08,26.2437,39.197,3070.86,False,130.09,286.07,0.33,,3284.22,,False,0
406b84,EFW29CF,United Kingdom,2026-09-07 09:06:08,2026-09-07 09:06:09,-12.2687,38.077,10668.0,False,234.45,209.15,0.0,,11338.56,5412,False,0
78061d,CJX6608,China,2026-09-07 09:05:17,2026-09-07 09:05:41,103.9489,3.8206,10668.0,False,214.17,47.92,0.0,,11369.04,,False,0
780638,CES742,China,2026-09-07 09:06:08,2026-09-07 09:06:09,100.7336,13.668,358.14,False,82.98,194.73,11.05,,289.56,,False,0
880c41,AIQ3403,Thailand,2026-09-07 09:06:08,2026-09-07 09:06:08,100.0242,11.2989,10629.9,False,223.57,17.27,2.6,,,,False,0
406b62,BAW510,United Kingdom,2026-09-07 09:06:09,2026-09-07 09:06:09,-7.973,37.0187,,True,1.8,14.06,,,,2032,False,0
704020,MMA370,Myanmar,2026-09-07 09:06:07,2026-09-07 09:06:08,98.9617,18.5941,1181.1,False,104.59,3.1,0.33,,1143.0,,False,0
78066c,CES2032,China,2026-09-07 09:03:23,2026-09-07 09:03:23,96.3003,19.5336,9860.28,False,528.79,159.85,6.18,,8488.68,,False,0
06a053,QTR872,Qatar,2026-09-07 09:06:08,2026-09-07 09:06:09,86.382,22.6593,10668.0,False,242.23,77.11,0.0,,11361.42,2133,False,0
7448a8,RJA131,Jordan,2026-09-07 09:06:08,2026-09-07 09:06:08,24.6175,37.4724,5577.84,False,202.58,287.28,-10.4,,5974.08,5615,False,0
7448a7,RJA101,Jordan,2026-09-07 09:06:07,2026-09-07 09:06:08,26.7128,36.0818,10972.8,False,209.32,304.08,0.0,,11643.36,5616,False,0
7448a2,RJA652,Jordan,2026-09-07 09:06:08,2026-09-07 09:06:08,50.6215,26.3939,9791.7,False,233.64,107.56,-8.78,,10454.64,0725,False,0
39cea3,TVF37NP,France,2026-09-07 09:06:08,2026-09-07 09:06:08,22.5336,37.5314,11155.68,False,245.13,123.79,-2.28,,11849.1,0653,False,0
880c4d,AIQ1031,Thailand,2026-09-07 09:05:28,2026-09-07 09:05:29,100.6399,13.9752,381.0,False,71.6,208.77,-3.58,,350.52,,False,0
71c392,KAL497,Republic of Korea,2026-09-07 09:06:09,2026-09-07 09:06:09,89.7193,24.4174,11582.4,False,254.28,288.03,-0.65,,12352.02,6344,False,0
76898c,9VBLL,Singapore,2026-09-07 09:06:08,2026-09-07 09:06:09,103.8675,1.3931,1798.32,False,42.34,355.12,-6.18,,1897.38,,False,0
02d063,SCT7221,Tunisia,2026-09-07 09:06:09,2026-09-07 09:06:09,10.6107,34.7322,236.22,False,68.98,67.64,-3.58,,358.14,2042,False,0
4b9da2,,Turkey,2026-09-07 09:05:27,2026-09-07 09:05:51,26.0758,33.4905,10363.2,False,216.3,303.65,0.0,,11094.72,6142,False,0
440667,AUA423M,Austria,2026-09-07 09:04:45,2026-09-07 09:04:45,2.9876,39.6608,838.2,False,129.53,242.82,-0.33,,1028.7,1000,False,0
440611,EJU56WR,Austria,2026-09-07 09:06:08,2026-09-07 09:06:09,-1.9589,38.4207,10972.8,False,223.48,57.41,-0.33,,11650.98,1441,False,0
48c1a9,RYR29EN,Poland,2026-09-07 09:06:08,2026-09-07 09:06:08,0.0955,38.4847,10972.8,False,222.01,67.95,0.0,,11597.64,5306,False,0
503cc0,ELY5194,Lithuania,2026-09-07 09:06:08,2026-09-07 09:06:08,28.0737,38.9442,10668.0,False,252.92,131.54,0.0,,11285.22,7103,False,0
503d62,ELY5246,Lithuania,2026-09-07 09:06:08,2026-09-07 09:06:08,33.4835,32.925,6941.82,False,198.78,126.9,-8.45,,7444.74,7425,False,0
06a078,QTR410,Qatar,2026-09-07 09:03:58,2026-09-07 09:03:58,38.3968,33.0891,9258.3,False,220.64,332.96,-2.93,,9875.52,,False,0
06a072,QTR97L,Qatar,2026-09-07 09:05:23,2026-09-07 09:05:28,29.892,31.4398,10363.2,False,245.91,315.0,0.0,,11102.34,2141,False,0
06a089,QTR80B,Qatar,2026-09-07 09:06:08,2026-09-07 09:06:08,38.4143,33.0608,10363.2,False,225.24,332.97,0.0,,11049.0,,False,0
06a091,QTR42K,Qatar,2026-09-07 09:06:09,2026-09-07 09:06:09,30.7819,36.8216,419.1,False,66.81,6.63,-3.25,,480.06,6034,False,0
39cf08,AFR376,France,2026-09-07 09:06:01,2026-09-07 09:06:01,53.632,22.792,12496.8,False,248.12,92.02,0.0,,13304.52,7345,False,0
06a07f,QTR45A,Qatar,2026-09-07 09:02:36,2026-09-07 09:05:35,31.6943,29.8949,9753.6,False,244.49,306.1,0.0,,10454.64,3243,False,0
06a07c,QTR8H,Qatar,2026-09-07 09:02:02,2026-09-07 09:06:06,56.699,24.9076,10972.8,False,253.63,292.04,0.0,,11734.8,4762,False,0
06a098,QTR63G,Qatar,2026-09-07 09:06:09,2026-09-07 09:06:09,35.0306,37.0805,11277.6,False,252.7,154.95,0.0,,11925.3,0750,False,0
06a099,QTR58N,Qatar,2026-09-07 09:04:32,2026-09-07 09:04:32,38.927,32.2022,10370.82,False,226.39,333.26,0.0,,11079.48,,False,0
06a094,QTR8E,Qatar,2026-09-07 09:06:08,2026-09-07 09:06:08,33.1361,28.9103,10363.2,False,233.88,308.66,0.0,,11140.44,3223,False,0
503d74,AHY062,Lithuania,2026-09-07 09:06:08,2026-09-07 09:06:08,39.8769,39.9507,9456.42,False,254.68,89.07,-0.33,,9921.24,5052,False,0
4010eb,,United Kingdom,2026-09-07 09:01:06,2026-09-07 09:02:44,-8.5095,32.218,5242.56,False,181.13,160.07,-9.43,,5638.8,2713,False,0
4010dc,EFW33VR,United Kingdom,2026-09-07 09:06:07,2026-09-07 09:06:08,-11.2178,36.4773,10668.0,False,225.25,200.17,0.0,,11315.7,5410,False,0
76b441,SIA525,Singapore,2026-09-07 09:06:08,2026-09-07 09:06:08,103.637,1.5598,4785.36,False,163.16,77.8,-6.18,,5090.16,,False,0
76b44c,SIA138,Singapore,2026-09-07 09:05:53,2026-09-07 09:05:53,100.448,5.4661,960.12,False,118.86,290.79,-3.25,,1501.14,,False,0
76b44e,SIA158,Singapore,2026-09-07 09:06:08,2026-09-07 09:06:08,103.9406,1.7997,5113.02,False,178.29,348.01,4.23,,5425.44,,False,0
76b44f,SIA736,Singapore,2026-09-07 09:06:09,2026-09-07 09:06:09,101.675,3.8496,11582.4,False,235.92,328.74,0.0,,12344.4,,False,0
76b45a,SIA731,Singapore,2026-09-07 09:02:06,2026-09-07 09:02:06,100.6915,6.6595,10668.0,False,219.69,127.67,0.33,,11369.04,,False,0
44079a,EJU41KD,Austria,2026-09-07 09:06:08,2026-09-07 09:06:08,-7.8674,33.2346,10081.26,False,235.8,28.97,4.23,,10759.44,6466,False,0
80139b,AIC2KJ,India,2026-09-07 09:06:09,2026-09-07 09:06:09,77.8078,28.5056,2903.22,False,125.0,261.0,-4.23,,2979.42,,False,0
80139e,AIC6TQ,India,2026-09-07 09:03:31,2026-09-07 09:03:31,77.0866,28.56,,True,1.54,154.69,,,,,False,0
407f67,EZY43KY,United Kingdom,2026-09-07 09:06:08,2026-09-07 09:06:09,-3.4766,39.3495,10972.8,False,224.93,6.96,0.0,,11650.98,4632,False,0
407f61,EZY53BU,United Kingdom,2026-09-07 09:06:08,2026-09-07 09:06:08,-10.4359,38.1409,10660.38,False,221.28,200.84,-0.33,,11323.32,3757,False,0
801396,AIC2276,India,2026-09-07 09:05:55,2026-09-07 09:05:55,77.6591,10.073,11879.58,False,230.57,152.35,0.0,,12565.38,,False,0
7806bc,CBJ620,China,2026-09-07 09:03:35,2026-09-07 09:03:37,101.0732,14.7711,8290.56,False,209.41,25.31,4.23,,8808.72,,False,0
406ae8,TOM4YW,United Kingdom,2026-09-07 09:01:56,2026-09-07 09:01:58,10.438,36.0783,,True,5.92,0.0,,,,2202,False,0
406ae9,TOM4TA,United Kingdom,2026-09-07 09:06:08,2026-09-07 09:06:08,1.3596,38.8672,,True,7.72,70.31,,,,,False,0
009a8c,ZSKAT,South Africa,2026-09-07 09:06:09,2026-09-07 09:06:09,18.2719,-33.7737,4091.94,False,105.49,110.56,-2.6,,4358.64,,False,0
342398,VLG18YW,Spain,2026-09-07 09:06:09,2026-09-07 09:06:09,-3.7923,38.0599,9517.38,False,224.74,7.63,5.2,,10157.46,1405,False,0
503c48,ISR533,Lithuania,2026-09-07 09:06:08,2026-09-07 09:06:08,30.4224,33.9329,9753.6,False,205.75,303.37,0.0,,10401.3,4133,False,0
342396,VLG55YV,Spain,2026-09-07 09:05:55,2026-09-07 09:06:00,-12.5219,30.3911,10888.98,False,221.99,219.07,-5.2,,11567.16,,False,0
801403,AXB1085,India,2026-09-07 09:06:08,2026-09-07 09:06:08,85.6214,25.7552,10668.0,False,223.96,80.21,0.0,,11369.04,0520,False,0
801402,IGO579,India,2026-09-07 09:06:05,2026-09-07 09:06:09,77.3585,13.6328,5539.74,False,204.82,147.83,-12.35,,5806.44,,False,0
801406,AIC2029,India,2026-09-07 09:06:09,2026-09-07 09:06:09,70.7629,22.8126,10965.18,False,256.86,274.13,0.33,,11666.22,,False,0
801410,IGO43V,India,2026-09-07 09:06:08,2026-09-07 09:06:08,89.995,24.2687,4503.42,False,166.26,124.92,-12.35,,4693.92,0550,False,0
48c12b,RYR7143,Poland,2026-09-07 09:06:08,2026-09-07 09:06:08,28.6025,37.3025,5181.6,False,188.15,155.96,-6.83,,5539.74,4404,False,0
48c135,RYR4QV,Poland,2026-09-07 09:04:47,2026-09-07 09:04:51,14.4877,35.8527,,True,0.0,45.0,,,,5543,False,0
48c134,RYS7251,Poland,2026-09-07 09:06:09,2026-09-07 09:06:09,-0.0087,39.8785,11277.6,False,248.37,229.12,0.0,,11932.92,4014,False,0
e4a22c,PRVPA,Brazil,2026-09-07 09:06:09,2026-09-07 09:06:09,4.1727,39.9359,10355.58,False,255.35,21.76,0.98,,10980.42,1000,False,0
06a262,NBS21,Qatar,2026-09-07 09:06:08,2026-09-07 09:06:09,51.295,24.7724,2773.68,False,143.89,321.53,-0.33,,2933.7,6532,False,0
801444,AXB1824,India,2026-09-07 09:06:08,2026-09-07 09:06:09,77.0049,28.4616,3368.04,False,164.7,103.73,-7.48,,3474.72,,False,0
801442,IGO6235,India,2026-09-07 09:06:09,2026-09-07 09:06:09,77.7315,13.6692,10363.2,False,226.6,14.73,0.0,,10995.66,,False,0
801445,IGO92KC,India,2026-09-07 09:05:53,2026-09-07 09:05:56,78.4263,11.9683,8229.6,False,205.49,57.26,0.0,,8694.42,,False,0
06a279,NBS12,Qatar,2026-09-07 09:05:32,2026-09-07 09:06:08,51.3432,25.0304,1211.58,False,104.21,211.89,3.58,,899.16,6531,False,0
06a277,NBS22,Qatar,2026-09-07 09:06:08,2026-09-07 09:06:08,51.2955,24.7721,2758.44,False,145.04,318.45,-0.98,,2918.46,6533,False,0
06a270,NBR11,Qatar,2026-09-07 09:05:31,2026-09-07 09:06:08,51.3439,25.0312,1226.82,False,103.34,208.22,12.03,,914.4,6530,False,0
80140b,,India,2026-09-07 09:06:05,2026-09-07 09:06:07,84.9274,23.0137,5052.06,False,193.22,231.27,7.8,,5288.28,,False,0
80140e,AXB1071,India,2026-09-07 09:06:08,2026-09-07 09:06:08,88.0843,26.3195,11582.4,False,237.33,210.62,0.0,,12359.64,0471,False,0
80141c,IGO1037,India,2026-09-07 09:06:09,2026-09-07 09:06:09,77.5433,13.0648,5715.0,False,180.0,94.1,5.53,,5981.7,,False,0
801431,IGO273W,India,2026-09-07 09:06:09,2026-09-07 09:06:09,90.2102,23.561,8839.2,False,201.27,70.59,0.0,,9395.46,1473,False,0
80141f,IGO455,India,2026-09-07 09:05:56,2026-09-07 09:06:05,88.4404,22.6399,83.82,True,0.0,67.5,,,,2627,False,0
789263,CPA773,China,2026-09-07 09:06:05,2026-09-07 09:06:05,101.91,13.1386,10355.58,False,245.18,212.49,0.0,,11049.0,,False,0
3444cb,VLG6VQ,Spain,2026-09-07 09:06:07,2026-09-07 09:06:08,2.8427,39.1312,8077.2,False,218.19,55.37,6.18,,8641.08,1413,False,0
3444cc,VLG50GY,Spain,2026-09-07 09:06:09,2026-09-07 09:06:09,-6.8073,35.2574,10972.8,False,227.08,35.13,-0.33,,11666.22,4454,False,0
44047d,EJU51XL,Austria,2026-09-07 09:06:08,2026-09-07 09:06:09,21.0316,37.4338,11879.58,False,249.05,140.03,0.0,,12611.1,0417,False,0
801465,IGO7006,India,2026-09-07 09:06:08,2026-09-07 09:06:08,77.8391,13.1885,1516.38,False,81.28,270.36,-4.23,,1485.9,,False,0
80145d,IGO2043,India,2026-09-07 09:06:07,2026-09-07 09:06:07,84.8171,25.6208,2606.04,False,155.06,60.37,-12.35,,2667.0,,False,0
80145f,IGO2590,India,2026-09-07 09:06:00,2026-09-07 09:06:08,82.6641,25.5972,3489.96,False,140.34,286.18,19.51,,3589.02,,False,0
008a6d,00000000,South Africa,2026-09-07 09:06:08,2026-09-07 09:06:08,26.3728,-25.8994,8229.6,False,163.16,79.65,0.0,,8732.52,,False,0
801470,IGO301P,India,2026-09-07 09:06:09,2026-09-07 09:06:09,82.6263,26.227,11269.98,False,220.9,106.37,0.0,,12016.74,,False,0
440452,EJU16WK,Austria,2026-09-07 09:06:08,2026-09-07 09:06:09,-4.6961,36.9651,2430.78,False,128.65,1.37,-6.5,,2735.58,5704,False,0
778568,SYR342,Syrian Arab Republic,2026-09-07 09:05:48,2026-09-07 09:05:48,37.3665,33.4143,4579.62,False,197.45,266.27,-14.96,,4922.52,,False,0
80148d,IGO6153,India,2026-09-07 09:06:08,2026-09-07 09:06:08,89.6875,24.629,10972.8,False,236.3,207.35,0.0,,11719.56,2605,False,0
06a1b6,A7GAC,Qatar,2026-09-07 09:05:34,2026-09-07 09:06:03,51.9646,26.6372,190.5,False,39.3,104.4,-0.65,,129.54,1515,False,0
407ac1,TOM6TJ,United Kingdom,2026-09-07 09:06:03,2026-09-07 09:06:08,1.3721,38.8755,,True,0.0,331.88,,,,,False,0
06a1ca,QQE901,Qatar,2026-09-07 09:05:17,2026-09-07 09:05:57,55.9081,23.9368,12496.8,False,246.65,117.31,0.0,,13319.76,2170,False,0
4bb84c,PGT146G,Turkey,2026-09-07 09:06:09,2026-09-07 09:06:09,30.8724,37.1441,2788.92,False,145.69,349.01,15.28,,2971.8,5322,False,0
343386,VLG27FJ,Spain,2026-09-07 09:06:03,2026-09-07 09:06:03,-0.3565,38.3399,1767.84,False,131.45,68.66,12.35,,1996.44,,False,0
344692,VLG5DW,Spain,2026-09-07 09:06:09,2026-09-07 09:06:09,-7.7349,34.524,10363.2,False,246.04,41.35,-0.65,,11049.0,,False,0
46a5e1,SEH6MA,Greece,2026-09-07 09:06:08,2026-09-07 09:06:08,23.9554,37.9364,30.48,False,75.42,36.4,9.43,,137.16,,False,0
504e48,PVV7666,Republic of Moldova,2026-09-07 09:06:01,2026-09-07 09:06:01,54.7962,23.9419,2514.6,False,148.6,121.98,-8.45,,2727.96,4040,False,0
4bb869,PGT1854,Turkey,2026-09-07 09:04:30,2026-09-07 09:04:30,33.5044,35.1502,,True,6.94,289.69,,,,5341,False,0
4bb872,PGT1872,Turkey,2026-09-07 09:06:08,2026-09-07 09:06:08,31.4407,36.7128,5897.88,False,198.08,127.61,12.68,,6301.74,2370,False,0
4bb86c,PGT74ER,Turkey,2026-09-07 09:06:09,2026-09-07 09:06:09,23.7395,37.8165,10355.58,False,230.23,265.26,0.0,,11018.52,,False,0
344648,IBE05HH,Spain,2026-09-07 09:05:44,2026-09-07 09:05:44,-16.7772,32.6936,,True,2.57,140.62,,,,2633,False,0
504e88,SEU352,Republic of Moldova,2026-09-07 09:06:04,2026-09-07 09:06:09,23.948,37.9315,,True,13.89,216.56,,,,,False,0
504e89,FIA6344,Republic of Moldova,2026-09-07 09:06:08,2026-09-07 09:06:09,32.1882,29.5822,9418.32,False,228.22,306.2,3.58,,10119.36,6161,False,0
46b8b4,AEE204,Greece,2026-09-07 09:06:08,2026-09-07 09:06:08,24.4566,37.8519,4632.96,False,195.85,118.05,10.4,,4991.1,,False,0
46b8b2,AEE486,Greece,2026-09-07 09:06:08,2026-09-07 09:06:08,34.7022,32.2902,1821.18,False,141.72,113.31,-4.88,,1943.1,7426,False,0
4cc54b,ABD2620,Iceland,2026-09-07 09:06:07,2026-09-07 09:06:07,36.9159,-1.3279,1539.24,False,81.51,54.5,-3.58,,1645.92,,False,0
46b8a9,AEE785,Greece,2026-09-07 09:06:08,2026-09-07 09:06:08,23.5858,37.713,2141.22,False,123.62,182.86,-5.85,,2354.58,,False,0
06a118,QTR65U,Qatar,2026-09-07 09:04:29,2026-09-07 09:05:42,34.5753,38.8527,10363.2,False,233.0,321.0,0.0,,10919.46,5352,False,0
801524,AKJ1940,India,2026-09-07 09:05:42,2026-09-07 09:06:05,75.532,25.6615,10972.8,False,227.75,202.16,0.0,,11673.84,,False,0
06a114,QTR76W,Qatar,2026-09-07 09:06:09,2026-09-07 09:06:09,35.5635,37.8812,10363.2,False,236.21,321.63,0.0,,10942.32,3263,False,0
406a63,EXS5DP,United Kingdom,2026-09-07 09:05:59,2026-09-07 09:05:59,14.4821,35.8563,7.62,False,6.26,170.54,0.0,,121.92,0562,False,0
06a10e,QTR60Q,Qatar,2026-09-07 09:06:08,2026-09-07 09:06:08,31.8116,31.5569,10363.2,False,244.57,307.14,0.0,,11094.72,2160,False,0
801535,VTCNS,India,2026-09-07 09:05:42,2026-09-07 09:05:52,72.9596,19.1064,830.58,False,80.77,52.77,12.68,,807.72,,False,0
801536,IGO5927,India,2026-09-07 09:05:52,2026-09-07 09:05:54,92.2402,26.2816,11102.34,False,232.57,91.14,-4.55,,11856.72,0511,False,0
06a124,QTR20V,Qatar,2026-09-07 09:06:08,2026-09-07 09:06:08,31.2787,32.3683,10363.2,False,254.16,354.77,0.0,,11087.1,2107,False,0
06a120,QTR756,Qatar,2026-09-07 09:06:09,2026-09-07 09:06:09,28.7616,35.7901,11887.2,False,277.55,135.08,0.0,,12611.1,2706,False,0
06a137,QTR928,Qatar,2026-09-07 09:06:08,2026-09-07 09:06:08,83.739,17.5462,10668.0,False,252.68,104.74,0.0,,11330.94,,False,0
801503,IGO6401,India,2026-09-07 09:06:08,2026-09-07 09:06:08,77.9566,13.1729,1965.96,False,99.24,298.82,-4.23,,1973.58,,False,0
801506,IGO1606,India,2026-09-07 09:05:55,2026-09-07 09:06:08,78.5935,13.2671,4488.18,False,168.73,263.7,-4.88,,4663.44,,False,0
468d07,SEH920,Greece,2026-09-07 09:06:09,2026-09-07 09:06:09,14.5319,39.195,11597.64,False,224.74,277.63,0.0,,12291.06,,False,0
06a141,QTR8401,Qatar,2026-09-07 09:06:08,2026-09-07 09:06:09,93.0058,22.3379,9753.6,False,259.98,265.8,0.33,,10401.3,5175,False,0
801562,IGO112,India,2026-09-07 09:06:01,2026-09-07 09:06:01,75.3607,26.2347,10347.96,False,225.61,214.6,-2.93,,11033.76,,False,0
48c22e,RYS2T,Poland,2026-09-07 09:06:08,2026-09-07 09:06:08,-4.0411,36.8125,10668.0,False,236.64,222.71,0.0,,11353.8,4010,False,0
80155c,IGO1631,India,2026-09-07 09:06:08,2026-09-07 09:06:08,88.7057,22.6599,3276.6,False,156.55,107.01,8.13,,3352.8,0454,False,0
48e893,ENT7JE,Poland,2026-09-07 09:06:09,2026-09-07 09:06:09,27.3151,36.4567,5257.8,False,190.91,278.52,3.25,,5615.94,,False,0
48e87f,ENT7551,Poland,2026-09-07 09:06:08,2026-09-07 09:06:09,30.9341,33.52,11277.6,False,231.63,178.09,0.0,,12016.74,5273,False,0
80152c,IGO6383,India,2026-09-07 09:06:07,2026-09-07 09:06:08,78.1938,28.4194,4693.92,False,163.24,298.83,-7.48,,4892.04,2647,False,0
801540,IGO6712,India,2026-09-07 09:06:08,2026-09-07 09:06:08,76.109,27.8562,11277.6,False,247.0,44.92,0.33,,12031.98,,False,0
80152f,IGO33J,India,2026-09-07 09:01:01,2026-09-07 09:01:20,54.4321,24.5228,1021.08,False,111.99,20.43,-3.58,,1021.08,4045,False,0
801553,AIC5BE,India,2026-09-07 09:06:08,2026-09-07 09:06:08,80.913,26.4974,11574.78,False,244.61,312.95,0.65,,12329.16,2632,False,0
801554,IGO56PK,India,2026-09-07 09:06:08,2026-09-07 09:06:09,77.1437,27.5299,4290.06,False,169.48,357.04,-2.6,,4465.32,,False,0
801551,IGO728E,India,2026-09-07 09:06:08,2026-09-07 09:06:08,76.8375,28.6034,2567.94,False,150.84,232.62,6.5,,2613.66,,False,0
801555,IOA206,India,2026-09-07 09:06:08,2026-09-07 09:06:08,83.1446,19.1534,2743.2,False,96.06,66.32,0.0,,2811.78,,False,0
148000,32768,Russian Federation,2026-09-07 09:06:09,2026-09-07 09:06:09,28.5564,36.993,2415.54,False,112.28,153.9,4.55,,2590.8,,False,0
50050a,T7BGL,San Marino,2026-09-07 09:06:08,2026-09-07 09:06:08,30.8227,36.0966,6995.16,False,200.69,178.68,6.18,,7467.6,5310,False,0
801587,AKJ1503,India,2026-09-07 09:06:09,2026-09-07 09:06:09,83.0768,17.6012,10668.0,False,238.44,68.08,0.0,,11330.94,,False,0
801580,SDG705,India,2026-09-07 09:06:06,2026-09-07 09:06:07,72.7167,19.2269,2415.54,False,128.5,312.89,17.23,,2476.5,,False,0
aaae97,N788DP,United States,2026-09-07 09:06:08,2026-09-07 09:06:08,49.9091,22.8277,10972.8,False,243.37,269.03,0.0,,11734.8,5247,False,0
801597,AIC2362,India,2026-09-07 09:06:08,2026-09-07 09:06:08,90.3274,24.2909,9441.18,False,236.33,115.39,0.0,,10050.78,0564,False,0
801594,AXB1273,India,2026-09-07 09:06:08,2026-09-07 09:06:08,82.6481,26.4299,10660.38,False,229.79,99.15,0.33,,11376.66,,False,0
407d4c,TOM3HB,United Kingdom,2026-09-07 09:06:08,2026-09-07 09:06:08,-11.83,38.6912,11277.6,False,231.5,209.41,0.0,,11955.78,1171,False,0
06a108,QTR67G,Qatar,2026-09-07 09:06:08,2026-09-07 09:06:08,18.6107,39.582,12496.8,False,259.08,133.55,0.0,,13174.98,5207,False,0
440590,GAC337A,Austria,2026-09-07 09:06:09,2026-09-07 09:06:09,14.9801,38.189,6743.7,False,143.27,327.17,4.88,,7254.24,,False,0
06a103,,Qatar,2026-09-07 09:06:01,2026-09-07 09:06:01,48.2685,26.3158,10058.4,False,265.04,65.82,0.0,,10774.68,4276,False,0
885113,THA476,Thailand,2026-09-07 09:05:14,2026-09-07 09:05:14,100.901,13.9805,1752.6,False,121.38,17.51,-3.9,,2019.3,,False,0
06a0b0,QTR49Q,Qatar,2026-09-07 09:04:29,2026-09-07 09:05:47,23.9457,37.9453,,True,0.0,33.75,,,,2167,False,0
06a0ad,QTR61E,Qatar,2026-09-07 09:06:08,2026-09-07 09:06:08,30.2435,37.1358,11574.78,False,231.24,295.71,-0.33,,12260.58,5457,False,0
06a0aa,QTR649,Qatar,2026-09-07 09:02:02,2026-09-07 09:02:03,51.6145,25.2835,68.58,False,64.86,158.11,-0.33,,-22.86,3506,False,0
680009,BTN701,Bhutan,2026-09-07 09:06:09,2026-09-07 09:06:09,88.4374,22.6396,,True,0.0,337.5,,,,2000,False,0
680008,DRK540,Bhutan,2026-09-07 09:06:08,2026-09-07 09:06:08,98.4268,13.8543,11285.22,False,235.28,146.41,-0.33,,10317.48,0464,False,0
68000a,BTN774,Bhutan,2026-09-07 09:06:08,2026-09-07 09:06:09,79.4956,27.3731,11887.2,False,222.4,111.58,0.0,,12649.2,,False,0
68000b,DRK211,Bhutan,2026-09-07 09:06:09,2026-09-07 09:06:09,88.4455,23.0198,3947.16,False,86.28,339.4,5.2,,4069.08,0430,False,0
06a0e6,QTR943,Qatar,2026-09-07 09:02:07,2026-09-07 09:06:07,54.2603,24.4468,11681.46,False,257.03,283.9,0.0,,12999.72,3577,False,0
06a0e5,QTR944,Qatar,2026-09-07 09:06:05,2026-09-07 09:06:05,80.5834,13.8526,11887.2,False,244.46,111.87,0.0,,12565.38,,False,0
06a0de,QTR15R,Qatar,2026-09-07 09:01:20,2026-09-07 09:06:08,53.2442,25.3386,5715.0,False,228.5,276.85,-9.43,,7581.9,3564,False,0
06a0f5,QTR826,Qatar,2026-09-07 09:06:09,2026-09-07 09:06:09,69.9757,20.7116,11887.2,False,252.16,108.07,0.0,,12618.72,,False,0
8013b2,AIC2353,India,2026-09-07 09:06:08,2026-09-07 09:06:08,94.8702,14.3801,10363.2,False,233.48,258.05,0.0,,,,False,0
06a0fa,QTR2R,Qatar,2026-09-07 09:05:47,2026-09-07 09:05:47,19.143,39.2179,11887.2,False,264.0,124.68,0.0,,12573.0,,False,0
06a0fb,,Qatar,2026-09-07 09:05:59,2026-09-07 09:05:59,39.2813,31.759,11582.4,False,245.39,306.99,0.0,,12374.88,,False,0
8013fd,IGO254J,India,2026-09-07 09:06:07,2026-09-07 09:06:08,80.4793,26.9414,10668.0,False,229.84,116.16,0.0,,11369.04,,False,0
8013fe,AIC9BU,India,2026-09-07 09:06:08,2026-09-07 09:06:08,78.4892,28.2552,6301.74,False,195.69,301.02,-9.43,,6629.4,2624,False,0
88517a,THA916,Thailand,2026-09-07 09:05:43,2026-09-07 09:05:43,81.206,26.6076,9753.6,False,264.04,298.51,0.0,,10370.82,6121,False,0
8013fb,IGO19HP,India,2026-09-07 09:06:08,2026-09-07 09:06:08,76.817,27.0135,11498.58,False,216.76,177.69,3.9,,12237.72,,False,0
8013fc,IGO5931,India,2026-09-07 09:05:56,2026-09-07 09:05:57,75.1673,30.8288,6499.86,False,187.71,12.67,-9.75,,6842.76,,False,0
8013f6,IGO6560,India,2026-09-07 09:06:08,2026-09-07 09:06:08,83.3297,26.6491,10347.96,False,245.16,288.47,0.33,,11033.76,2655,False,0
8013ed,AIC2116,India,2026-09-07 09:05:26,2026-09-07 09:05:26,83.2394,20.2368,10363.2,False,247.37,315.34,0.0,,11018.52,,False,0
8013ea,AIC4TU,India,2026-09-07 09:06:08,2026-09-07 09:06:08,77.2802,28.4445,1158.24,False,97.83,2.41,-6.18,,1120.14,,False,0
4a2182,HLJ3EH,Romania,2026-09-07 09:06:08,2026-09-07 09:06:08,24.7468,34.3096,10363.2,False,220.54,318.69,0.0,,11064.24,,False,0
ab236a,AAL161,United States,2026-09-07 09:06:09,2026-09-07 09:06:09,20.6705,38.8238,10355.58,False,255.72,290.37,0.0,,11010.9,,False,0
4cc468,TFSIF,Iceland,2026-09-07 09:06:08,2026-09-07 09:06:08,-4.0229,36.1385,2209.8,False,103.24,105.91,-0.33,,2461.26,,False,0
885171,THA922,Thailand,2026-09-07 09:06:08,2026-09-07 09:06:08,78.133,29.5407,9753.6,False,264.22,316.74,0.0,,10363.2,6126,False,0
4403f0,EJU47NC,Austria,2026-09-07 09:06:08,2026-09-07 09:06:09,-3.9046,38.9713,11582.4,False,227.57,27.61,0.0,,12275.82,6467,False,0
408124,EXS17LV,United Kingdom,2026-09-07 09:06:08,2026-09-07 09:06:08,23.6364,38.5095,6080.76,False,178.92,163.81,-7.48,,6522.72,4715,False,0
4b1813,EDW357V,Switzerland,2026-09-07 09:06:08,2026-09-07 09:06:08,23.8489,39.9853,11574.78,False,216.43,318.28,0.33,,12245.34,,False,0
880452,AIQ3017,Thailand,2026-09-07 09:06:08,2026-09-07 09:06:08,99.571,11.1803,10972.8,False,233.98,190.64,0.0,,10523.22,,False,0
880450,AIQ309,Thailand,2026-09-07 09:06:07,2026-09-07 09:06:08,100.3764,6.2361,6172.2,False,197.93,3.58,-10.73,,6621.78,,False,0
4952ca,TAP1901,Portugal,2026-09-07 09:06:08,2026-09-07 09:06:08,-8.9089,38.622,5364.48,False,171.8,145.74,11.7,,5798.82,3343,False,0
4952d3,TAP1921,Portugal,2026-09-07 09:06:08,2026-09-07 09:06:08,-9.1344,38.7798,,True,6.69,202.5,,,,4412,False,0
4952d1,TAP13LH,Portugal,2026-09-07 09:06:08,2026-09-07 09:06:08,-8.5198,39.8419,7749.54,False,217.03,176.33,-5.53,,8305.8,5233,False,0
440dc7,RVP341,Austria,2026-09-07 09:06:08,2026-09-07 09:06:08,-8.9038,38.5122,396.24,False,49.91,91.18,0.0,,525.78,3226,False,0
4b181a,SWR1V,Switzerland,2026-09-07 09:06:09,2026-09-07 09:06:09,0.4178,38.8064,5753.1,False,171.46,255.05,-5.53,,6217.92,1000,False,0
4952c1,TAP1826,Portugal,2026-09-07 09:06:08,2026-09-07 09:06:08,-9.5518,38.5863,2446.02,False,127.55,169.78,0.0,,2712.72,6040,False,0
88045a,AIQ3900,Thailand,2026-09-07 09:06:08,2026-09-07 09:06:08,99.7558,16.9242,10477.5,False,226.64,162.43,6.18,,9189.72,,False,0
4952c5,TAP66PD,Portugal,2026-09-07 09:03:49,2026-09-07 09:03:49,-9.1339,38.7794,,True,8.23,168.75,,,,4412,False,0
4952b0,TAP210,Portugal,2026-09-07 09:06:08,2026-09-07 09:06:08,-11.985,39.2711,12169.14,False,243.37,108.36,-4.55,,12832.08,3332,False,0
4952b2,TAP088,Portugal,2026-09-07 09:01:41,2026-09-07 09:01:41,-9.1373,38.7745,,True,5.4,202.5,,,,6216,False,0
4952a4,TAP237M,Portugal,2026-09-07 09:06:09,2026-09-07 09:06:09,-10.0894,39.1417,4617.72,False,195.89,284.29,5.53,,5013.96,3357,False,0
708029,LAO901,Lao People's Democratic Republic,2026-09-07 09:04:12,2026-09-07 09:04:12,100.3367,20.3968,1699.26,False,106.34,290.98,-5.2,,,,False,0
716fff,RXI532,Saudi Arabia,2026-09-07 09:06:08,2026-09-07 09:06:08,-0.9609,39.4664,11574.78,False,257.34,119.59,-0.33,,12260.58,1444,False,0
716ff9,SVA207,Saudi Arabia,2026-09-07 09:06:07,2026-09-07 09:06:08,32.4631,29.3784,9761.22,False,232.37,307.99,0.0,,10492.74,4273,False,0
716ff7,SVA130,Saudi Arabia,2026-09-07 09:06:08,2026-09-07 09:06:09,21.9519,37.4168,10668.0,False,251.46,126.68,0.0,,11353.8,,False,0
800db0,AXB1821,India,2026-09-07 09:06:08,2026-09-07 09:06:08,76.8798,25.3316,10668.0,False,221.47,177.2,0.0,,11353.8,,False,0
75833a,PAL654,Philippines,2026-09-07 09:06:06,2026-09-07 09:06:06,85.1725,17.2023,10363.2,False,256.39,288.0,0.0,,11003.28,,False,0
49530c,TAP254,Portugal,2026-09-07 09:06:08,2026-09-07 09:06:09,-9.4758,38.4356,2438.4,False,132.55,146.56,0.0,,2720.34,4227,False,0
495302,TAP262M,Portugal,2026-09-07 09:06:06,2026-09-07 09:06:09,-12.9768,39.5212,10972.8,False,236.56,107.73,-0.33,,11620.5,3340,False,0
495303,TAP234Y,Portugal,2026-09-07 09:06:08,2026-09-07 09:06:08,-11.1425,39.0508,9075.42,False,238.33,108.63,-8.78,,9692.64,4274,False,0
40804d,WUK7VJ,United Kingdom,2026-09-07 09:06:09,2026-09-07 09:06:09,-7.4308,39.8803,11285.22,False,218.31,184.6,0.0,,11963.4,3750,False,0
7c492b,QFA2,Australia,2026-09-07 09:05:39,2026-09-07 09:05:39,103.9915,1.3487,,True,10.8,22.5,,,,,False,0
aa4440,UAL942,United States,2026-09-07 09:06:09,2026-09-07 09:06:09,-9.3201,38.5142,1706.88,False,120.93,39.65,-5.2,,1935.48,3733,False,0
348084,AEA072,Spain,2026-09-07 09:06:08,2026-09-07 09:06:08,-19.7275,36.5708,12192.0,False,248.57,68.0,-0.33,,12847.32,,False,0
02a1a3,LBT595,Tunisia,2026-09-07 09:01:13,2026-09-07 09:01:13,10.0646,37.1284,8717.28,False,219.23,166.29,-12.03,,9395.46,1232,False,0
02a1a4,LBT513,Tunisia,2026-09-07 09:06:09,2026-09-07 09:06:09,9.5444,35.1482,8976.36,False,218.3,146.53,-12.03,,9593.58,,False,0
40820e,EXS59JM,United Kingdom,2026-09-07 09:06:08,2026-09-07 09:06:08,-7.9587,37.0136,,True,4.63,199.69,,,,,False,0
4690e9,AEE681,Greece,2026-09-07 09:06:09,2026-09-07 09:06:09,20.5735,38.2561,10668.0,False,246.47,102.9,0.0,,11338.56,,False,0
4690e5,AEE374,Greece,2026-09-07 09:06:08,2026-09-07 09:06:08,25.4141,37.2888,556.26,False,77.59,317.96,0.0,,678.18,,False,0
3c7879,CFG6TZ,Germany,2026-09-07 09:06:08,2026-09-07 09:06:09,20.1575,38.6948,10972.8,False,223.58,303.84,0.0,,11635.74,,False,0
3c787a,CFG8VH,Germany,2026-09-07 09:06:09,2026-09-07 09:06:09,21.201,38.0706,10980.42,False,224.21,306.13,0.0,,11650.98,,False,0
4690ea,AEE1BS,Greece,2026-09-07 09:06:09,2026-09-07 09:06:09,24.2814,37.949,4434.84,False,167.53,232.11,-4.23,,4800.6,,False,0
40825f,EXS47VA,United Kingdom,2026-09-07 09:05:48,2026-09-07 09:05:59,3.9763,39.837,1249.68,False,130.31,157.48,-4.88,,1455.42,5221,False,0
40823f,EXS13C,United Kingdom,2026-09-07 09:06:08,2026-09-07 09:06:08,25.1614,36.2997,6042.66,False,190.48,150.73,-11.38,,6492.24,7311,False,0
0a004b,DAH1076,Algeria,2026-09-07 09:05:15,2026-09-07 09:05:15,-0.4578,35.8919,5234.94,False,207.41,46.41,11.38,,4892.04,,False,0
3c64a2,DLH98C,Germany,2026-09-07 09:06:08,2026-09-07 09:06:08,-3.6014,37.7116,10660.38,False,236.74,265.89,-2.28,,11353.8,2571,False,0
3c64ae,DLH6VR,Germany,2026-09-07 09:05:50,2026-09-07 09:05:55,23.9498,37.9361,,True,0.0,216.56,,,,,False,0
0a0093,DAH3004,Algeria,2026-09-07 09:06:09,2026-09-07 09:06:09,-9.2144,38.6344,830.58,False,82.07,22.87,-4.23,,1013.46,4250,False,0
800fd1,,India,2026-09-07 09:03:54,2026-09-07 09:03:54,77.1134,28.5659,,True,8.23,196.88,,,,,False,0
0a007a,DAH4471,Algeria,2026-09-07 09:06:08,2026-09-07 09:06:09,11.2063,36.1626,9753.6,False,240.94,288.94,0.0,,10363.2,2051,False,0
a0eeea,UAL821,United States,2026-09-07 09:06:08,2026-09-07 09:06:08,100.8665,13.5445,2491.74,False,154.19,79.81,-0.33,,2567.94,,False,0
0a0084,DAH305,Algeria,2026-09-07 09:06:08,2026-09-07 09:06:09,11.3681,36.0773,12192.0,False,236.16,278.52,0.0,,12915.9,5517,False,0
3cea40,QAJ1,Germany,2026-09-07 09:06:08,2026-09-07 09:06:08,-14.9364,28.7019,8305.8,False,209.63,27.63,13.0,,8869.68,,False,0
702c25,AJX1432,Bangladesh,2026-09-07 09:01:53,2026-09-07 09:01:56,90.406,23.8316,,True,4.12,270.0,,,,5542,False,0
494116,NJE432A,Portugal,2026-09-07 09:02:12,2026-09-07 09:02:12,23.9613,37.9507,,True,4.37,303.75,,,,,False,0
4080e1,BAW626,United Kingdom,2026-09-07 09:06:08,2026-09-07 09:06:08,23.7486,38.1435,4427.22,False,199.67,191.74,-10.4,,4777.74,3456,False,0
494117,NJE417E,Portugal,2026-09-07 09:06:08,2026-09-07 09:06:08,1.5026,39.1806,5013.96,False,161.87,347.33,6.5,,5433.06,1000,False,0
46912d,SEH401,Greece,2026-09-07 09:06:08,2026-09-07 09:06:08,23.938,37.9372,,True,14.92,39.38,,,,,False,0
4080ad,EZY52NQ,United Kingdom,2026-09-07 09:06:08,2026-09-07 09:06:08,-14.3095,35.507,11269.98,False,230.78,212.34,0.0,,11948.16,2050,False,0
44b450,PGC69P,Belgium,2026-09-07 09:06:08,2026-09-07 09:06:08,-3.1659,37.2941,9441.18,False,221.1,243.91,0.0,,10096.5,0256,False,0
440dca,RVP338,Austria,2026-09-07 09:06:08,2026-09-07 09:06:08,-8.2077,38.8992,1120.14,False,57.65,182.05,-0.65,,1310.64,3262,False,0
440dcb,RVP354,Austria,2026-09-07 09:06:08,2026-09-07 09:06:08,-8.8141,39.2003,533.4,False,63.06,244.9,-0.65,,678.18,,False,0
44b438,TFL4YE,Belgium,2026-09-07 09:06:08,2026-09-07 09:06:08,-15.228,33.6066,10668.0,False,240.44,207.39,0.0,,11285.22,3720,False,0
896c72,UAF1301,United Arab Emirates,2026-09-07 09:04:33,2026-09-07 09:04:39,31.0691,29.3647,10972.8,False,242.99,238.33,0.0,,11780.52,3422,False,0
7103d6,SVA127,Saudi Arabia,2026-09-07 09:06:08,2026-09-07 09:06:08,21.3897,37.3371,11582.4,False,241.67,316.9,-0.33,,12298.68,5535,False,0
1479a0,31140,Russian Federation,2026-09-07 09:06:02,2026-09-07 09:06:02,28.581,36.956,1226.82,False,99.48,150.92,0.33,,1341.12,,False,0
7820d9,CBJ652,China,2026-09-07 09:06:08,2026-09-07 09:06:08,94.9412,22.673,11277.6,False,237.4,78.37,0.0,,12039.6,4707,False,0
7820d7,CSC9641,China,2026-09-07 09:06:08,2026-09-07 09:06:08,89.7934,22.1282,10363.2,False,251.52,250.9,0.0,,11041.38,1513,False,0
3c6421,CFG9PH,Germany,2026-09-07 09:06:09,2026-09-07 09:06:09,24.8531,39.2256,10363.2,False,223.59,319.2,0.0,,11010.9,,False,0
00ad57,SFR299,South Africa,2026-09-07 09:04:11,2026-09-07 09:04:11,21.0104,-32.508,11887.2,False,250.54,47.66,0.0,,12458.7,,False,0
151df9,SDM5978,Russian Federation,2026-09-07 09:06:08,2026-09-07 09:06:08,30.925,33.6763,10363.2,False,228.54,358.07,0.0,,11049.0,6111,False,0
4869be,TRA14R,Kingdom of the Netherlands,2026-09-07 09:06:07,2026-09-07 09:06:07,-16.7762,32.6938,,True,0.0,137.81,,,,3705,False,0
4869bd,TRA3A,Kingdom of the Netherlands,2026-09-07 09:06:08,2026-09-07 09:06:08,21.5822,37.9573,10363.2,False,231.44,304.22,0.0,,11010.9,,False,0
49514e,TAP1541,Portugal,2026-09-07 09:06:08,2026-09-07 09:06:08,-10.7772,36.7635,10058.4,False,227.89,214.52,0.0,,10713.72,3347,False,0
495155,TAP155A,Portugal,2026-09-07 09:03:02,2026-09-07 09:03:02,-11.5209,35.8968,10668.0,False,223.84,215.55,-0.33,,11330.94,3353,False,0
495153,TAP1735,Portugal,2026-09-07 09:06:08,2026-09-07 09:06:08,-10.592,37.8806,10035.54,False,222.66,225.94,3.58,,10675.62,2210,False,0
4b028f,SWR245T,Switzerland,2026-09-07 09:06:08,2026-09-07 09:06:09,0.8179,39.5823,7498.08,False,223.22,261.38,-12.68,,8023.86,1000,False,0
3991e5,AFR32WF,France,2026-09-07 09:06:08,2026-09-07 09:06:08,-9.1318,38.7887,121.92,False,82.95,23.39,13.0,,259.08,,False,0
151e54,PBD835,Russian Federation,2026-09-07 09:06:07,2026-09-07 09:06:07,34.1487,37.4808,10965.18,False,223.31,228.08,-3.25,,11605.26,1567,False,0
a9aba2,ETD933,United States,2026-09-07 09:05:30,2026-09-07 09:06:08,55.3928,24.1599,6042.66,False,206.45,112.41,15.28,,5814.06,3451,False,0
00ae2b,LNK175N,South Africa,2026-09-07 09:06:03,2026-09-07 09:06:05,28.1263,-26.4606,2750.82,False,102.44,51.12,-1.3,,2994.66,,False,0
151dbf,AFL297,Russian Federation,2026-09-07 09:06:09,2026-09-07 09:06:09,75.7485,29.7079,11582.4,False,263.08,335.14,0.0,,12321.54,,False,0
151daf,AFL273,Russian Federation,2026-09-07 09:06:07,2026-09-07 09:06:08,85.0798,24.7907,10363.2,False,265.15,298.26,0.0,,11041.38,0705,False,0
060030,MAU851,Mauritius,2026-09-07 09:06:09,2026-09-07 09:06:09,28.2024,-26.3121,2278.38,False,97.59,15.28,0.0,,2499.36,,False,0
4951d1,TAP9259,Portugal,2026-09-07 09:06:08,2026-09-07 09:06:08,-9.1132,39.1813,6156.96,False,172.38,228.51,-10.4,,6659.88,2216,False,0
408033,EXS8J,United Kingdom,2026-09-07 09:06:09,2026-09-07 09:06:09,-4.7165,36.787,1165.86,False,104.29,151.41,-7.15,,1363.98,2075,False,0
408027,TOM7XT,United Kingdom,2026-09-07 09:05:52,2026-09-07 09:05:59,1.3725,38.8757,,True,0.0,331.88,,,,2040,False,0
440d6f,EJU74EF,Austria,2026-09-07 09:06:09,2026-09-07 09:06:09,-15.6824,33.4725,9166.86,False,225.33,42.87,6.83,,9738.36,,False,0
08a113,PFZ050,Zambia,2026-09-07 09:06:08,2026-09-07 09:06:08,18.5997,-33.9588,15.24,False,74.99,165.3,-3.9,,106.68,,False,0
495292,TAP1150,Portugal,2026-09-07 09:05:53,2026-09-07 09:06:06,2.9643,39.7432,1242.06,False,127.49,132.06,0.0,,1447.8,3374,False,0
49526d,RZO131,Portugal,2026-09-07 09:03:54,2026-09-07 09:04:03,-14.4005,38.9714,11574.78,False,223.25,273.83,0.0,,12237.72,4406,False,0
782362,QDA908,China,2026-09-07 09:06:08,2026-09-07 09:06:09,103.2645,3.3105,8648.7,False,214.43,63.8,3.58,,9235.44,,False,0
4baac7,THY3QL,Turkey,2026-09-07 09:05:49,2026-09-07 09:05:49,37.6158,39.6049,11582.4,False,195.38,288.58,-0.33,,12115.8,0716,False,0
49520f,TAP1452,Portugal,2026-09-07 09:06:08,2026-09-07 09:06:08,-7.9546,36.0065,11277.6,False,230.49,173.33,-0.33,,11993.88,3351,False,0
7105ae,SVA376,Saudi Arabia,2026-09-07 09:06:08,2026-09-07 09:06:08,12.8113,35.9369,11887.2,False,271.0,95.88,-0.33,,12618.72,4114,False,0
151d94,AFL429,Russian Federation,2026-09-07 09:06:08,2026-09-07 09:06:08,36.976,39.9802,10668.0,False,258.22,68.5,0.0,,11186.16,,False,0
495212,TAP11MG,Portugal,2026-09-07 09:06:09,2026-09-07 09:06:09,-6.5811,36.9498,10668.0,False,226.69,285.8,0.33,,11369.04,2642,False,0
48455e,KLM844,Kingdom of the Netherlands,2026-09-07 09:05:39,2026-09-07 09:05:39,73.0494,31.3173,9753.6,False,250.19,265.75,0.0,,10355.58,,False,0
495214,TAP1716,Portugal,2026-09-07 09:05:51,2026-09-07 09:05:51,-7.7475,36.9479,853.44,False,119.19,334.43,-0.65,,1036.32,2225,False,0
484556,KLM67E,Kingdom of the Netherlands,2026-09-07 09:06:07,2026-09-07 09:06:08,19.0676,39.7702,11887.2,False,239.5,130.12,0.0,,12550.14,,False,0
151d45,AZV513,Russian Federation,2026-09-07 09:06:08,2026-09-07 09:06:08,29.5613,38.6746,11582.4,False,211.44,261.04,0.0,,12207.24,2112,False,0
4ca9aa,RYR4684,Ireland,2026-09-07 09:06:08,2026-09-07 09:06:08,27.4294,36.5749,3299.46,False,175.25,114.08,-8.78,,3566.16,4730,False,0
4ca9d2,RYR2FT,Ireland,2026-09-07 09:06:09,2026-09-07 09:06:09,1.4686,39.3747,9753.6,False,228.15,87.29,0.0,,10363.2,1000,False,0
4ca9ec,RYR7FL,Ireland,2026-09-07 09:06:09,2026-09-07 09:06:09,-0.2323,39.4079,11582.4,False,213.88,40.32,0.0,,12245.34,1000,False,0
4950e4,AZU8752,Portugal,2026-09-07 09:06:07,2026-09-07 09:06:08,-9.9045,36.1374,11582.4,False,247.64,29.49,0.0,,12283.44,,False,0
4ca9cc,RYR28PF,Ireland,2026-09-07 09:06:08,2026-09-07 09:06:08,-5.6424,37.9948,5013.96,False,202.74,20.96,13.0,,5433.06,4612,False,0
4bab4f,TKJ5306,Turkey,2026-09-07 09:02:22,2026-09-07 09:02:23,35.1703,36.9956,8671.56,False,235.78,150.02,-10.08,,9250.68,0763,False,0
4854cd,TRA55T,Kingdom of the Netherlands,2026-09-07 09:06:09,2026-09-07 09:06:09,-3.612,35.4452,2446.02,False,146.87,38.32,10.73,,2689.86,,False,0
4bab2e,THY8KT,Turkey,2026-09-07 09:05:50,2026-09-07 09:05:50,35.6276,39.2723,10363.2,False,206.28,290.74,0.0,,10911.84,1017,False,0
490d10,NJE871M,Portugal,2026-09-07 09:06:04,2026-09-07 09:06:07,3.3332,39.6917,2202.18,False,134.45,245.59,-9.75,,2468.88,1000,False,0
75875f,CEB741,Philippines,2026-09-07 09:06:08,2026-09-07 09:06:08,94.0691,14.6894,12496.8,False,229.47,97.73,-0.33,,13235.94,,False,0
a16883,DAL149,United States,2026-09-07 09:06:09,2026-09-07 09:06:09,11.8851,39.6387,9753.6,False,247.53,337.65,0.0,,10340.34,6562,False,0
70c105,OMA815,Oman,2026-09-07 09:06:09,2026-09-07 09:06:09,92.2241,15.2645,12496.8,False,239.64,100.51,-0.33,,,,False,0
70c102,OMA224,Oman,2026-09-07 09:05:54,2026-09-07 09:05:54,75.9435,10.2494,3848.1,False,164.78,311.2,17.23,,3566.16,,False,0
70c126,OMS205,Oman,2026-09-07 09:05:54,2026-09-07 09:06:05,55.5576,22.1736,10363.2,False,243.87,261.63,0.0,,11094.72,,False,0
7c1473,QFA23,Australia,2026-09-07 09:06:09,2026-09-07 09:06:09,100.749,13.74,312.42,False,69.76,194.96,-3.9,,274.32,,False,0
7c146a,QFA51,Australia,2026-09-07 09:03:34,2026-09-07 09:04:35,103.9869,1.3713,15.24,False,6.43,171.56,,,22.86,,False,0
48683e,TRA6N,Kingdom of the Netherlands,2026-09-07 09:06:08,2026-09-07 09:06:08,0.622,39.9502,10363.2,False,221.19,31.4,0.0,,11010.9,1000,False,0
88084c,AIQ397,Thailand,2026-09-07 09:06:08,2026-09-07 09:06:08,100.6924,13.3823,6835.14,False,181.43,280.29,-5.85,,7254.24,,False,0
880859,AIQ3426,Thailand,2026-09-07 09:05:39,2026-09-07 09:05:39,100.2637,15.721,9814.56,False,214.01,154.67,-13.33,,10820.4,,False,0
7609ec,PIA287,Pakistan,2026-09-07 09:01:56,2026-09-07 09:06:08,53.674,25.2835,6713.22,False,227.43,277.8,-10.4,,9806.94,4740,False,0
880846,AIQ3143,Thailand,2026-09-07 09:06:08,2026-09-07 09:06:08,100.457,14.0735,2872.74,False,142.06,31.68,-2.93,,2979.42,,False,0
880845,AIQ3114,Thailand,2026-09-07 09:06:09,2026-09-07 09:06:09,100.6252,11.0142,11277.6,False,233.11,181.39,0.0,,8854.44,,False,0
880849,AIQ511,Thailand,2026-09-07 09:05:45,2026-09-07 09:05:50,103.6672,1.637,,True,0.0,250.31,,,,,False,0
3c0ca7,TUI68M,Germany,2026-09-07 09:06:08,2026-09-07 09:06:08,28.0948,36.4046,,True,0.0,160.31,,,,,False,0
76d102,TGW632,Singapore,2026-09-07 09:06:02,2026-09-07 09:06:02,103.9938,1.3652,,True,0.0,129.38,,,,,False,0
76d104,TGW694,Singapore,2026-09-07 09:06:08,2026-09-07 09:06:08,103.5027,3.2066,10668.0,False,234.38,335.63,0.98,,11369.04,,False,0
76d107,TGW524,Singapore,2026-09-07 09:06:09,2026-09-07 09:06:09,103.9562,2.9523,10279.38,False,220.16,8.74,7.8,,10957.56,,False,0
76d10a,TGW670,Singapore,2026-09-07 09:06:09,2026-09-07 09:06:09,103.43,3.3681,10911.84,False,237.62,335.71,4.88,,11620.5,,False,0
4bab26,THY642,Turkey,2026-09-07 09:06:09,2026-09-07 09:06:09,26.83,38.1949,10668.0,False,238.05,48.77,0.0,,11330.94,,False,0
4bab23,THY845,Turkey,2026-09-07 09:03:29,2026-09-07 09:03:29,34.3398,39.053,10363.2,False,208.82,309.1,0.33,,10934.7,5745,False,0
7609ae,ABQ810,Pakistan,2026-09-07 09:01:33,2026-09-07 09:01:33,71.1448,29.7679,4130.04,False,179.72,207.81,11.7,,4107.18,,False,0
7609b8,PIA217,Pakistan,2026-09-07 09:05:15,2026-09-07 09:06:08,55.3208,24.3188,3108.96,False,145.34,273.45,-4.55,,3383.28,3527,False,0
4ca8d5,RYR2077,Ireland,2026-09-07 09:06:08,2026-09-07 09:06:08,-9.0014,38.8962,1569.72,False,151.66,64.91,3.25,,1783.08,2260,False,0
03e636,ABS247,Gabon,2026-09-07 09:06:08,2026-09-07 09:06:08,10.8544,2.9571,4267.2,False,143.51,227.91,0.0,,4541.52,,False,0
70c0b3,ORF3,Oman,2026-09-07 09:06:08,2026-09-07 09:06:08,38.2534,30.9553,12451.08,False,264.07,109.46,2.93,,13312.14,,False,0
4baa43,THY95M,Turkey,2026-09-07 09:06:07,2026-09-07 09:06:09,28.0439,37.2288,5318.76,False,189.46,262.35,-25.03,,5692.14,0751,False,0
3c0ac5,CFG8EC,Germany,2026-09-07 09:06:08,2026-09-07 09:06:08,28.0827,36.4044,7.62,False,84.78,250.14,0.98,,38.1,,False,0
4baa88,THY5JN,Turkey,2026-09-07 09:01:55,2026-09-07 09:01:55,27.3143,38.1306,1676.4,False,143.75,166.76,-5.53,,1882.14,0723,False,0
70c0fa,OMA245,Oman,2026-09-07 09:06:02,2026-09-07 09:06:02,77.1077,28.5417,320.04,False,74.62,283.56,-3.25,,220.98,,False,0
4868e2,TRA21Q,Kingdom of the Netherlands,2026-09-07 09:06:08,2026-09-07 09:06:08,21.0587,39.7021,10965.18,False,230.31,316.18,0.0,,11643.36,,False,0
4baa73,THY9GL,Turkey,2026-09-07 09:06:08,2026-09-07 09:06:08,32.8007,31.7311,9753.6,False,218.02,326.16,0.0,,10454.64,7311,False,0
3c7426,TUI6MB,Germany,2026-09-07 09:06:08,2026-09-07 09:06:08,24.166,36.5516,7520.94,False,235.59,317.57,5.85,,8054.34,,False,0
3c7428,TUI3MC,Germany,2026-09-07 09:06:09,2026-09-07 09:06:09,24.1993,39.6079,11582.4,False,228.01,326.6,0.0,,12260.58,,False,0
440b49,LDX12C,Austria,2026-09-07 09:06:08,2026-09-07 09:06:08,22.4264,37.802,6941.82,False,229.48,127.9,-9.1,,7437.12,,False,0
3c618b,TUI119,Germany,2026-09-07 09:06:09,2026-09-07 09:06:09,26.7379,38.4818,10972.8,False,222.26,307.67,0.33,,11635.74,,False,0
46f093,VAN34,Greece,2026-09-07 09:01:20,2026-09-07 09:01:20,23.9332,37.9311,,True,15.43,36.56,,,,,False,0
495065,AIZ996,Portugal,2026-09-07 09:06:08,2026-09-07 09:06:08,34.1492,32.5682,3901.44,False,188.2,124.08,-8.13,,4168.14,5227,False,0
46f067,FM3,Greece,2026-09-07 09:03:35,2026-09-07 09:03:35,23.9518,37.9419,,True,8.23,129.38,,,,,False,0
4245cd,VPCYP,United Kingdom,2026-09-07 09:06:05,2026-09-07 09:06:07,23.9633,37.9503,,True,0.06,33.75,,,,,False,0
495038,TAP11SV,Portugal,2026-09-07 09:06:09,2026-09-07 09:06:09,-8.9203,38.3079,2720.34,False,138.53,30.09,-5.85,,3009.9,2634,False,0
495039,TAP68JP,Portugal,2026-09-07 09:06:02,2026-09-07 09:06:02,-13.0289,35.7388,10972.8,False,236.5,43.77,-0.33,,11620.5,,False,0
7823e9,CCA414,China,2026-09-07 09:06:08,2026-09-07 09:06:08,101.6047,21.2395,10058.4,False,234.47,334.39,0.0,,,,False,0
45d066,VKG792,Denmark,2026-09-07 09:06:09,2026-09-07 09:06:09,30.9461,35.9442,10660.38,False,243.07,133.63,0.33,,11308.08,1731,False,0
7823da,JDL2748,China,2026-09-07 09:06:08,2026-09-07 09:06:08,81.668,26.4527,11887.2,False,227.6,107.9,0.0,,12672.06,,False,0
45d065,VKG288,Denmark,2026-09-07 09:02:24,2026-09-07 09:02:26,33.5425,34.8071,518.16,False,78.94,45.26,-4.88,,579.12,1740,False,0
4ca854,RYR34SW,Ireland,2026-09-07 09:06:08,2026-09-07 09:06:08,2.878,39.5397,11277.6,False,232.12,249.64,0.0,,11925.3,4007,False,0
4005bc,BAW122,United Kingdom,2026-09-07 09:05:50,2026-09-07 09:05:59,30.3679,31.0314,11582.4,False,238.63,315.17,0.0,,12390.12,3215,False,0
4bbd03,TKJ5NE,Turkey,2026-09-07 09:06:08,2026-09-07 09:06:09,29.7146,39.92,7505.7,False,220.23,170.32,8.45,,7947.66,5164,False,0
4baa09,THY1CK,Turkey,2026-09-07 09:06:08,2026-09-07 09:06:08,27.8432,37.2997,2392.68,False,124.03,5.47,10.08,,2583.18,,False,0
4ca6f1,ITY1179,Ireland,2026-09-07 09:06:08,2026-09-07 09:06:08,15.239,39.848,6789.42,False,209.55,144.59,-14.96,,7345.68,1000,False,0
44d2ab,JAF5KH,Belgium,2026-09-07 09:06:08,2026-09-07 09:06:08,25.5786,38.5868,11102.34,False,225.55,322.32,5.2,,11772.9,,False,0
5084e2,UTN4226,Ukraine,2026-09-07 09:06:09,2026-09-07 09:06:09,30.798,36.8206,10363.2,False,224.4,358.29,0.0,,11010.9,1340,False,0
02a191,TAR214,Tunisia,2026-09-07 09:06:08,2026-09-07 09:06:08,15.2487,38.3148,10660.38,False,248.95,70.44,0.0,,11323.32,6173,False,0
4ca6fc,RYR6GT,Ireland,2026-09-07 09:06:09,2026-09-07 09:06:09,-0.9012,39.2398,11277.6,False,247.04,232.7,0.0,,11940.54,4061,False,0
4ca809,RYR967L,Ireland,2026-09-07 09:06:08,2026-09-07 09:06:08,22.4738,38.2709,10972.8,False,230.06,323.18,0.0,,11650.98,,False,0
76d1c5,TGW468,Singapore,2026-09-07 09:06:07,2026-09-07 09:06:07,103.9873,1.3629,,True,2.06,22.5,,,,,False,0
706056,KAC412,Kuwait,2026-09-07 09:03:48,2026-09-07 09:04:15,87.4743,18.404,9753.6,False,260.46,288.9,0.33,,10363.2,6142,False,0
4ca847,RYR6B,Ireland,2026-09-07 09:06:09,2026-09-07 09:06:09,14.3453,39.1746,10789.92,False,237.78,324.87,6.5,,11414.76,,False,0
706074,KAC155,Kuwait,2026-09-07 09:03:58,2026-09-07 09:05:39,38.6909,32.5996,9761.22,False,223.63,333.2,0.0,,10408.92,,False,0
7811e3,CSC3931,China,2026-09-07 09:06:08,2026-09-07 09:06:08,101.5572,18.1832,9144.0,False,241.74,198.36,0.0,,,,False,0
706076,KAC163,Kuwait,2026-09-07 09:06:08,2026-09-07 09:06:08,36.318,37.1175,11582.4,False,222.8,321.94,0.0,,12222.48,,False,0
4bceb5,SXS5UY,Turkey,2026-09-07 09:06:08,2026-09-07 09:06:09,26.1882,38.3545,6423.66,False,212.08,292.09,11.05,,6858.0,,False,0
70605f,KAC101,Kuwait,2026-09-07 09:03:32,2026-09-07 09:03:32,36.5031,36.9271,10363.2,False,237.42,321.86,0.0,,10972.8,,False,0
4bcdf0,SXS8JF,Turkey,2026-09-07 09:06:08,2026-09-07 09:06:09,27.4083,37.5158,5638.8,False,187.63,338.78,8.78,,6042.66,,False,0
4b111d,HBGMN,Switzerland,2026-09-07 09:06:09,2026-09-07 09:06:09,12.7595,34.469,396.24,False,95.34,19.22,0.33,,533.4,0064,False,0
4bcdee,SXS5NW,Turkey,2026-09-07 09:06:08,2026-09-07 09:06:08,28.8366,39.0312,11277.6,False,247.09,150.98,-0.33,,11917.68,6417,False,0
486648,CND7G,Kingdom of the Netherlands,2026-09-07 09:06:08,2026-09-07 09:06:08,27.9131,39.0551,11277.6,False,256.4,130.85,0.0,,11925.3,5277,False,0
4bcdea,SXS4AX,Turkey,2026-09-07 09:05:07,2026-09-07 09:05:07,26.8549,38.3268,3116.58,False,156.72,256.33,5.2,,3276.6,,False,0
4bcdd2,SXS7BN,Turkey,2026-09-07 09:06:09,2026-09-07 09:06:09,25.8735,38.5508,7932.42,False,222.87,301.6,7.15,,8458.2,,False,0
4ca73a,RYR818W,Ireland,2026-09-07 09:06:09,2026-09-07 09:06:09,28.3762,37.0707,10363.2,False,229.5,319.45,0.0,,11003.28,7234,False,0
4bcdfa,SXS3WT,Turkey,2026-09-07 09:03:27,2026-09-07 09:04:25,30.7908,36.8869,13174.98,False,70.45,6.71,-2.93,,91.44,5157,False,0
449682,JAF6CE,Belgium,2026-09-07 09:06:08,2026-09-07 09:06:08,2.822,39.5693,12192.0,False,231.86,40.05,0.33,,12832.08,1000,False,0
014542,ASD341,Egypt,2026-09-07 09:06:08,2026-09-07 09:06:08,10.6691,34.7602,335.28,False,101.14,150.44,-0.33,,480.06,5066,False,0
7705c1,ALK182,Sri Lanka,2026-09-07 09:06:08,2026-09-07 09:06:08,83.0846,18.205,10957.56,False,235.39,196.38,-0.33,,11620.5,2501,False,0
7705c5,ALK127,Sri Lanka,2026-09-07 09:01:43,2026-09-07 09:01:44,79.7707,12.4512,3352.8,False,131.74,310.41,-0.33,,3436.62,,False,0
491d86,NJE093C,Portugal,2026-09-07 09:06:08,2026-09-07 09:06:08,-8.6211,39.4847,12496.8,False,243.99,213.39,0.33,,13197.84,3572,False,0
491d89,NJE992U,Portugal,2026-09-07 09:06:08,2026-09-07 09:06:08,3.4228,37.1002,12496.8,False,257.37,168.94,0.0,,13174.98,5224,False,0
781368,CES2036,China,2026-09-07 09:06:09,2026-09-07 09:06:09,92.9756,22.4147,9448.8,False,234.41,81.8,0.33,,10058.4,4750,False,0
4853d3,TRA56J,Kingdom of the Netherlands,2026-09-07 09:06:08,2026-09-07 09:06:09,-3.5257,38.0589,9258.3,False,228.96,320.01,10.4,,9875.52,4523,False,0
48ea00,ENT6KU,Poland,2026-09-07 09:06:08,2026-09-07 09:06:08,-3.3374,37.0004,6812.28,False,201.91,56.96,8.45,,7330.44,5301,False,0
706134,JZR315,Kuwait,2026-09-07 09:06:08,2026-09-07 09:06:09,30.9654,36.9478,2522.22,False,136.72,208.3,-4.88,,2720.34,2255,False,0
3c1bb0,BCS962,Germany,2026-09-07 09:06:08,2026-09-07 09:06:08,30.2812,36.6904,10058.4,False,249.99,145.82,-0.65,,10683.24,4353,False,0
42450a,VQBPZ,United Kingdom,2026-09-07 09:05:55,2026-09-07 09:05:57,12.189,38.2815,5234.94,False,176.92,146.26,-8.13,,5646.42,6442,False,0
43c6f7,RRR2137,United Kingdom,2026-09-07 09:06:08,2026-09-07 09:06:08,21.9476,35.6387,11582.4,False,225.74,307.31,0.0,,12352.02,7210,False,0
86da40,JAL723,Japan,2026-09-07 09:06:08,2026-09-07 09:06:08,101.8739,3.0636,3497.58,False,158.28,275.97,-8.13,,3703.32,,False,0
48414d,TRA8B,Kingdom of the Netherlands,2026-09-07 09:06:07,2026-09-07 09:06:08,-7.969,37.0149,-53.34,False,65.39,280.43,0.0,,60.96,,False,0
4ca707,RYR6NH,Ireland,2026-09-07 09:06:03,2026-09-07 09:06:03,6.4623,39.1721,11277.6,False,228.84,224.0,0.33,,11902.44,4055,False,0
4ca700,RYR8897,Ireland,2026-09-07 09:06:08,2026-09-07 09:06:08,23.9272,37.9303,-15.24,False,58.44,36.77,-0.65,,121.92,1000,False,0
4ca615,EIN49W,Ireland,2026-09-07 09:05:38,2026-09-07 09:05:38,-7.6146,37.2757,2232.66,False,131.18,180.0,-8.13,,2522.22,3722,False,0
42447f,PEX49D,United Kingdom,2026-09-07 09:06:09,2026-09-07 09:06:09,2.7153,39.5774,11887.2,False,235.71,165.21,0.0,,12527.28,2701,False,0
49d676,SUA8A,Czech Republic,2026-09-07 09:04:45,2026-09-07 09:04:45,2.8658,39.6047,480.06,False,87.48,237.24,-5.85,,632.46,6367,False,0
8880ca,HVN614,Viet Nam,2026-09-07 09:06:08,2026-09-07 09:06:08,100.7002,13.5504,1478.28,False,131.72,210.77,16.58,,1470.66,,False,0
888219,VJC800,Viet Nam,2026-09-07 09:06:06,2026-09-07 09:06:07,101.6702,13.2526,6873.24,False,241.17,109.83,7.8,,7292.34,,False,0
4bce0f,SXS8ZN,Turkey,2026-09-07 09:06:08,2026-09-07 09:06:08,28.8401,38.4128,10668.0,False,251.8,131.6,0.33,,11300.46,6436,False,0
888204,BSF979A,Viet Nam,2026-09-07 09:06:09,2026-09-07 09:06:09,85.7211,24.4839,12192.0,False,257.14,298.56,0.0,,12961.62,7050,False,0
4bce05,SXS2,Turkey,2026-09-07 09:06:09,2026-09-07 09:06:09,30.7686,36.7256,944.88,False,88.78,4.65,-2.93,,1036.32,7712,False,0
e48189,TAM8147,Brazil,2026-09-07 09:05:55,2026-09-07 09:05:55,-9.1425,38.766,,True,1.03,284.06,,,,,False,0
468627,RJB101,Greece,2026-09-07 09:02:18,2026-09-07 09:02:29,28.0896,36.4044,,True,0.0,118.12,,,,,False,0
468622,IFM010,Greece,2026-09-07 09:06:08,2026-09-07 09:06:08,23.3712,38.0014,701.04,False,68.81,115.22,-0.33,,845.82,,False,0
8940ce,GFA251,Bahrain,2026-09-07 09:02:08,2026-09-07 09:06:04,55.3474,25.1045,10363.2,False,237.5,277.22,0.33,,11155.68,4754,False,0
8940dc,GFA770,Bahrain,2026-09-07 09:01:40,2026-09-07 09:01:41,70.1548,32.3311,10043.16,False,232.75,31.44,0.0,,10668.0,,False,0
76ccd0,SIA7343,Singapore,2026-09-07 09:06:08,2026-09-07 09:06:09,8.8638,39.7403,10972.8,False,251.64,358.59,0.0,,11574.78,1202,False,0
76cccf,SIA7327,Singapore,2026-09-07 09:06:08,2026-09-07 09:06:08,102.7405,1.8507,9174.48,False,228.72,126.59,-13.98,,9776.46,,False,0
780cd7,CES9646,China,2026-09-07 09:06:08,2026-09-07 09:06:08,101.5043,21.4694,9448.8,False,233.38,338.13,0.0,,,,False,0
507c72,QNT5572,Uzbekistan,2026-09-07 09:06:08,2026-09-07 09:06:08,39.7472,39.9493,10668.0,False,268.57,89.12,0.0,,11163.3,5110,False,0
7502c3,MXD172,Malaysia,2026-09-07 09:04:28,2026-09-07 09:04:36,101.6473,2.8597,601.98,False,76.34,145.99,-3.9,,617.22,,False,0
008080,LNK383M,South Africa,2026-09-07 09:06:04,2026-09-07 09:06:04,24.8,-25.7009,11582.4,False,227.45,210.74,0.0,,12214.86,,False,0
407642,TOM526,United Kingdom,2026-09-07 09:06:08,2026-09-07 09:06:09,27.0676,38.7116,10668.0,False,256.92,127.35,0.0,,11323.32,4637,False,0
7502bc,AXM421,Malaysia,2026-09-07 09:06:09,2026-09-07 09:06:09,101.2388,2.8954,5059.68,False,195.61,297.91,8.45,,5372.1,,False,0
34745a,AEA38ET,Spain,2026-09-07 09:06:08,2026-09-07 09:06:08,-3.7912,39.1912,9448.8,False,231.12,186.9,0.0,,10096.5,5046,False,0
40768b,EZY32MX,United Kingdom,2026-09-07 09:06:09,2026-09-07 09:06:09,-1.0044,38.8609,6850.38,False,193.98,344.31,11.38,,7353.3,4567,False,0
4b83b5,ORMAN02,Turkey,2026-09-07 09:06:04,2026-09-07 09:06:09,29.0857,37.1947,6096.0,False,137.29,81.6,0.0,,6522.72,1035,False,0
347459,IBE0192,Spain,2026-09-07 09:06:08,2026-09-07 09:06:08,-17.9327,37.4252,11582.4,False,235.82,75.6,0.0,,12275.82,,False,0
3950cc,AFR36KN,France,2026-09-07 09:06:08,2026-09-07 09:06:09,-4.5973,38.447,11148.06,False,229.59,196.0,-10.73,,11871.96,7646,False,0
407686,,United Kingdom,2026-09-07 09:06:08,2026-09-07 09:06:08,2.678,39.5314,525.78,False,100.77,237.93,6.18,,678.18,,False,0
4b83a4,1458,Turkey,2026-09-07 09:06:08,2026-09-07 09:06:09,27.2229,37.4666,4267.2,False,37.1,343.07,0.0,,4541.52,,False,0
40766d,EXS41TY,United Kingdom,2026-09-07 09:06:09,2026-09-07 09:06:09,1.2976,38.9865,2583.18,False,143.79,222.83,-8.78,,2895.6,5265,False,0
400ceb,EFW16PH,United Kingdom,2026-09-07 09:06:09,2026-09-07 09:06:09,-7.4997,39.1451,10668.0,False,225.1,184.85,0.0,,11346.18,5413,False,0
34754c,IBS15GX,Spain,2026-09-07 09:06:08,2026-09-07 09:06:09,-15.4799,29.5591,8801.1,False,206.9,214.36,-9.75,,9410.7,,False,0
347553,IBS16WN,Spain,2026-09-07 09:06:08,2026-09-07 09:06:09,-14.8636,29.5591,10668.0,False,228.6,199.45,0.0,,11330.94,,False,0
346206,TAR202,Spain,2026-09-07 09:06:09,2026-09-07 09:06:09,9.1312,39.3376,10073.64,False,245.29,334.4,4.23,,10690.86,6151,False,0
76cda3,SIA337,Singapore,2026-09-07 09:06:07,2026-09-07 09:06:07,103.9995,1.4012,190.5,False,74.71,202.68,-3.9,,190.5,,False,0
76cda4,SIA338,Singapore,2026-09-07 09:06:07,2026-09-07 09:06:07,85.1874,18.4321,10698.48,False,261.92,314.68,3.58,,11338.56,,False,0
407631,EXS53VK,United Kingdom,2026-09-07 09:06:09,2026-09-07 09:06:09,25.6158,38.3745,8382.0,False,231.73,131.76,-11.38,,8961.12,6016,False,0
76cdb9,SIA479,Singapore,2026-09-07 09:06:08,2026-09-07 09:06:08,19.9521,-33.3104,9296.4,False,243.2,51.7,4.88,,9799.32,,False,0
4b82ff,HANDE12,Turkey,2026-09-07 09:06:07,2026-09-07 09:06:08,28.2286,36.8216,7620.0,False,110.19,217.03,-0.33,,8115.3,1556,False,0
750484,AXM714,Malaysia,2026-09-07 09:06:08,2026-09-07 09:06:08,102.8522,2.061,6088.38,False,217.89,295.9,0.0,,6499.86,,False,0
750481,AXM885,Malaysia,2026-09-07 09:04:28,2026-09-07 09:04:28,101.3601,10.6272,10668.0,False,230.46,170.62,0.0,,8138.16,,False,0
8940a1,GFA155,Bahrain,2026-09-07 09:06:08,2026-09-07 09:06:08,91.5452,17.0573,10972.8,False,259.76,290.16,0.0,,11681.46,,False,0
8966bd,ETD7YQ,United Arab Emirates,2026-09-07 09:06:08,2026-09-07 09:06:08,22.2866,38.5483,10363.2,False,236.54,319.76,-0.33,,11010.9,7741,False,0
4074b5,EZY16ZX,United Kingdom,2026-09-07 09:06:09,2026-09-07 09:06:09,24.7458,39.1925,11269.98,False,237.19,135.7,0.33,,11940.54,2153,False,0
8966d3,ETD11B,United Arab Emirates,2026-09-07 09:06:07,2026-09-07 09:06:08,36.0866,37.9314,10363.2,False,233.99,311.43,0.0,,10934.7,3233,False,0
8966e3,A6AHS,United Arab Emirates,2026-09-07 09:02:08,2026-09-07 09:03:52,55.526,25.3431,327.66,False,48.37,60.71,3.9,,259.08,,False,0
8966cf,ETD13,United Arab Emirates,2026-09-07 09:03:44,2026-09-07 09:03:49,34.5099,39.1459,10363.2,False,230.66,315.9,0.0,,10911.84,3420,False,0
750464,AXM5173,Malaysia,2026-09-07 09:06:07,2026-09-07 09:06:07,101.4081,2.4189,2171.7,False,134.51,320.59,-11.05,,2278.38,,False,0
750466,AXM5221,Malaysia,2026-09-07 09:06:08,2026-09-07 09:06:08,102.1375,2.5281,5943.6,False,198.55,243.04,-6.5,,6339.84,,False,0
75041f,MXD692,Malaysia,2026-09-07 09:06:08,2026-09-07 09:06:08,102.1063,2.6738,3703.32,False,160.21,81.51,9.75,,3916.68,,False,0
0092e6,LNK871S,South Africa,2026-09-07 09:06:08,2026-09-07 09:06:08,28.8255,-25.6528,6370.32,False,210.9,55.53,9.43,,6758.94,,False,0
8966a9,ETD2G7,United Arab Emirates,2026-09-07 09:06:08,2026-09-07 09:06:08,24.54,36.3755,10965.18,False,221.38,320.28,0.0,,11681.46,,False,0
750425,MXD873,Malaysia,2026-09-07 09:06:09,2026-09-07 09:06:09,103.9214,3.545,10972.8,False,250.05,251.9,0.0,,11704.32,,False,0
4cafcf,RYR10UB,Ireland,2026-09-07 09:06:08,2026-09-07 09:06:08,-10.7447,39.5508,11582.4,False,240.45,36.65,0.0,,12245.34,4410,False,0
3474c7,OARAT2,Spain,2026-09-07 09:06:08,2026-09-07 09:06:08,-3.7549,36.8081,2164.08,False,52.81,227.76,0.0,,2423.16,,False,0
04c3bf,5YVAT,Kenya,2026-09-07 09:01:24,2026-09-07 09:05:36,35.7255,-1.3333,3489.96,False,76.74,92.69,-0.98,,3710.94,,False,0
4bd347,TCTZG,Turkey,2026-09-07 09:00:46,2026-09-07 09:01:04,26.9721,39.4805,373.38,False,40.64,0.0,-2.93,,495.3,,False,0
7000a1,AFG312,Afghanistan,2026-09-07 09:06:08,2026-09-07 09:06:09,76.5771,28.7845,4625.34,False,184.56,297.92,9.75,,4792.98,,False,0
750499,9MITL,Malaysia,2026-09-07 09:06:04,2026-09-07 09:06:04,102.6109,1.9471,1539.24,False,51.03,127.22,-0.33,,1607.82,,False,0
4ab34f,SCQ2EA,Sweden,2026-09-07 09:03:36,2026-09-07 09:03:36,-4.2711,37.8781,2339.34,False,52.0,295.8,-2.28,,2598.42,7064,False,0
0100ff,SME538,Egypt,2026-09-07 09:06:04,2026-09-07 09:06:08,34.5301,29.2194,12192.0,False,228.15,325.84,-0.33,,13030.2,4473,False,0
75049b,9MITN,Malaysia,2026-09-07 09:06:00,2026-09-07 09:06:00,102.5045,2.1693,815.34,False,52.63,4.48,-2.6,,830.58,,False,0
4caff7,RYR18PW,Ireland,2026-09-07 09:06:09,2026-09-07 09:06:09,22.5378,37.6469,11887.2,False,251.37,135.25,0.0,,12603.48,4761,False,0
01024b,MSC3614,Egypt,2026-09-07 09:06:08,2026-09-07 09:06:08,26.9277,34.7628,10652.76,False,252.51,157.35,0.0,,11346.18,5545,False,0
407796,EZY95FH,United Kingdom,2026-09-07 09:06:08,2026-09-07 09:06:08,-8.1335,37.3397,4061.46,False,175.93,355.64,17.56,,4419.6,4713,False,0
3964ee,TVF42BL,France,2026-09-07 09:06:08,2026-09-07 09:06:09,21.2105,38.0665,11894.82,False,248.19,126.06,0.0,,12588.24,4313,False,0
407793,EZY72HP,United Kingdom,2026-09-07 09:06:08,2026-09-07 09:06:08,27.7072,36.5033,3025.14,False,161.44,109.94,-3.25,,3253.74,3450,False,0
407794,EZY64HD,United Kingdom,2026-09-07 09:06:08,2026-09-07 09:06:08,12.4249,39.1955,11285.22,False,228.72,154.41,0.0,,11948.16,2274,False,0
010262,MSR843,Egypt,2026-09-07 09:06:08,2026-09-07 09:06:08,10.449,37.0464,853.44,False,111.98,277.13,0.0,,1013.46,7740,False,0
010261,RMX2204,Egypt,2026-09-07 09:06:08,2026-09-07 09:06:08,68.2295,21.3405,10972.8,False,241.17,293.78,0.0,,11658.6,,False,0
34629a,IBB97FU,Spain,2026-09-07 09:03:14,2026-09-07 09:03:14,-11.8434,35.5017,11582.4,False,232.31,34.53,0.0,,12252.96,,False,0
01023b,MSC2982,Egypt,2026-09-07 09:06:08,2026-09-07 09:06:08,24.6675,34.3839,10972.8,False,215.45,318.78,0.0,,11727.18,,False,0
010251,MSC004,Egypt,2026-09-07 09:04:49,2026-09-07 09:04:49,31.8398,29.9545,2125.98,False,99.18,115.5,3.58,,2247.9,2734,False,0
010242,MSR703,Egypt,2026-09-07 09:06:09,2026-09-07 09:06:09,23.8801,35.2144,9753.6,False,223.97,317.7,0.0,,10416.54,,False,0
010243,,Egypt,2026-09-07 09:00:41,2026-09-07 09:02:58,27.6562,32.5801,10370.82,False,220.76,304.65,0.0,,11109.96,,False,0
010245,MSR757,Egypt,2026-09-07 09:06:09,2026-09-07 09:06:09,23.0313,35.9957,10370.82,False,224.6,317.13,0.0,,11064.24,,False,0
010247,MSR847,Egypt,2026-09-07 09:06:08,2026-09-07 09:06:08,10.6249,36.1531,10363.2,False,237.18,278.48,0.0,,11010.9,2043,False,0
346299,OAR2JO,Spain,2026-09-07 09:04:29,2026-09-07 09:04:33,-4.1715,36.8192,883.92,False,48.38,8.56,0.65,,1059.18,,False,0
881050,NOK365,Thailand,2026-09-07 09:01:31,2026-09-07 09:01:31,100.625,13.9487,213.36,False,72.06,208.58,-3.9,,350.52,,False,0
7503db,MXD2108,Malaysia,2026-09-07 09:05:55,2026-09-07 09:06:05,100.568,4.9175,3749.04,False,144.76,356.94,-12.03,,3977.64,,False,0
881054,NOK525,Thailand,2026-09-07 09:06:07,2026-09-07 09:06:07,98.7802,9.5005,9890.76,False,231.09,23.48,6.83,,,,False,0
484b6e,TRA71U,Kingdom of the Netherlands,2026-09-07 09:06:09,2026-09-07 09:06:09,-15.6083,30.7226,11277.6,False,231.15,208.73,0.0,,11932.92,,False,0
010281,LMU722,Egypt,2026-09-07 09:06:09,2026-09-07 09:06:09,37.2581,32.1113,10066.02,False,222.86,217.21,0.0,,,,False,0
010283,MSR799,Egypt,2026-09-07 09:02:21,2026-09-07 09:05:47,30.3219,30.946,7025.64,False,211.14,312.83,4.88,,6537.96,6116,False,0
01025b,MSC2807,Egypt,2026-09-07 09:05:57,2026-09-07 09:05:58,20.9295,36.4023,10972.8,False,218.02,303.35,0.0,,11681.46,5513,False,0
01025f,RSX338,Egypt,2026-09-07 09:06:09,2026-09-07 09:06:09,26.492,37.3506,11277.6,False,241.16,152.29,0.33,,11963.4,6242,False,0
010263,MSC3107,Egypt,2026-09-07 09:06:08,2026-09-07 09:06:08,9.9816,36.2418,10972.8,False,229.4,277.6,0.0,,11635.74,2065,False,0
010266,MSC2921,Egypt,2026-09-07 09:06:09,2026-09-07 09:06:09,21.2796,37.2316,11292.84,False,247.01,140.41,0.0,,11986.26,3013,False,0
010268,MSR047,Egypt,2026-09-07 09:01:19,2026-09-07 09:05:35,31.1474,29.9111,662.94,False,88.87,47.82,0.33,,815.34,2752,False,0
01020b,MSR773,Egypt,2026-09-07 09:02:23,2026-09-07 09:03:25,27.698,32.5415,10980.42,False,224.21,305.0,0.0,,11727.18,,False,0
01020a,MSR737,Egypt,2026-09-07 09:06:09,2026-09-07 09:06:09,30.7809,37.0292,9761.22,False,239.36,354.33,0.0,,10370.82,6122,False,0
7503aa,MAS762,Malaysia,2026-09-07 09:02:52,2026-09-07 09:02:54,102.3457,3.4171,6073.14,False,217.85,20.75,5.53,,6446.52,,False,0
717c98,KNE668,Saudi Arabia,2026-09-07 09:06:09,2026-09-07 09:06:09,9.8361,36.2407,10066.02,False,242.05,97.94,0.33,,10713.72,,False,0
359643,MRL43,Spain,2026-09-07 09:06:08,2026-09-07 09:06:08,-1.3015,37.7896,3985.26,False,145.59,270.2,1.63,,4358.64,7372,False,0
010204,MSR781,Egypt,2026-09-07 09:06:08,2026-09-07 09:06:08,22.7259,39.664,10683.24,False,226.6,319.51,5.53,,11353.8,2077,False,0
010207,MSR747,Egypt,2026-09-07 09:06:08,2026-09-07 09:06:08,25.9517,36.6325,10972.8,False,222.36,323.85,0.0,,11673.84,1447,False,0
01022b,MSC3721,Egypt,2026-09-07 09:02:51,2026-09-07 09:03:00,29.893,31.2994,7917.18,False,215.53,305.28,5.2,,7978.14,6133,False,0
359649,MRL36,Spain,2026-09-07 09:06:09,2026-09-07 09:06:09,-0.6624,37.8191,236.22,False,86.31,5.47,1.95,,381.0,,False,0
010237,NMA8007,Egypt,2026-09-07 09:06:07,2026-09-07 09:06:08,23.6677,34.8761,10980.42,False,212.79,304.96,0.0,,11727.18,1447,False,0
4b95b2,TCEMR,Turkey,2026-09-07 09:06:08,2026-09-07 09:06:08,30.8215,36.1117,12489.18,False,238.8,178.4,-0.33,,13182.6,5344,False,0
35964c,MRL34,Spain,2026-09-07 09:06:03,2026-09-07 09:06:03,-0.7208,37.7881,388.62,False,138.06,354.23,-1.3,,541.02,,False,0
7503b1,AXM5139,Malaysia,2026-09-07 09:06:08,2026-09-07 09:06:08,102.8999,2.8952,8267.7,False,250.97,247.59,-13.0,,8854.44,,False,0
750518,AXM6332,Malaysia,2026-09-07 09:06:08,2026-09-07 09:06:08,101.3631,2.8402,1127.76,False,129.49,66.59,-7.8,,1196.34,,False,0
4d24a1,VJT409,Malta,2026-09-07 09:06:08,2026-09-07 09:06:08,31.3405,33.472,13106.4,False,204.71,301.85,0.0,,13898.88,5631,False,0
4b1a1e,EZS67AR,Switzerland,2026-09-07 09:06:08,2026-09-07 09:06:08,-4.6261,37.654,11582.4,False,225.96,22.77,0.0,,12283.44,6451,False,0
010297,NMA8001,Egypt,2026-09-07 09:05:53,2026-09-07 09:05:53,18.1425,35.359,10363.2,False,214.65,279.1,0.0,,11003.28,,False,0
40773b,TOM654,United Kingdom,2026-09-07 09:06:09,2026-09-07 09:06:09,-10.6376,37.1808,10668.0,False,224.21,208.51,0.0,,11346.18,7713,False,0
010296,MSR710,Egypt,2026-09-07 09:06:08,2026-09-07 09:06:08,33.0642,33.2091,10058.4,False,221.94,234.91,-0.33,,10728.96,5604,False,0
40772f,EZY64NF,United Kingdom,2026-09-07 09:06:08,2026-09-07 09:06:08,14.4264,35.8281,236.22,False,74.4,54.0,-3.9,,358.14,2720,False,0
010292,MSC304,Egypt,2026-09-07 09:06:07,2026-09-07 09:06:08,29.7933,39.0991,10066.02,False,253.56,158.95,0.0,,10652.76,2372,False,0
01027c,NMA601,Egypt,2026-09-07 09:06:07,2026-09-07 09:06:08,27.9089,36.4899,10668.0,False,241.67,136.9,0.0,,11338.56,7427,False,0
76cef0,SIA321,Singapore,2026-09-07 09:05:42,2026-09-07 09:05:42,100.5356,4.4756,10668.0,False,261.79,194.8,0.0,,11361.42,,False,0
4d24b6,SQY8311,Malta,2026-09-07 09:06:08,2026-09-07 09:06:08,31.0394,32.2974,7620.0,False,226.82,174.66,0.0,,8183.88,2151,False,0
507c54,UZB334,Uzbekistan,2026-09-07 09:05:57,2026-09-07 09:05:57,56.6487,25.2884,7711.44,False,316.41,339.74,0.0,,8191.5,6214,False,0
507c4b,UZB424,Uzbekistan,2026-09-07 09:06:09,2026-09-07 09:06:09,75.3492,29.6375,10637.52,False,245.55,352.29,6.5,,11254.74,,False,0
75058c,MAS782,Malaysia,2026-09-07 09:06:08,2026-09-07 09:06:08,100.783,13.8699,1089.66,False,102.2,194.88,-5.2,,1082.04,,False,0
4075df,EZY42VZ,United Kingdom,2026-09-07 09:06:09,2026-09-07 09:06:09,-11.5759,39.5681,10675.62,False,224.67,212.09,0.0,,11330.94,1076,False,0
0101be,MSR759,Egypt,2026-09-07 09:06:09,2026-09-07 09:06:09,30.9429,33.2929,10972.8,False,240.9,358.04,0.0,,11711.94,2272,False,0
44a8a6,TFL87V,Belgium,2026-09-07 09:06:09,2026-09-07 09:06:09,27.1024,38.628,11277.6,False,247.86,143.44,-0.33,,11948.16,6036,False,0
75054c,MAS165,Malaysia,2026-09-07 09:06:08,2026-09-07 09:06:08,76.9496,13.3404,12496.8,False,244.25,118.56,0.0,,13197.84,,False,0
750571,MXD532,Malaysia,2026-09-07 09:04:43,2026-09-07 09:04:43,101.0458,3.592,7086.6,False,200.31,320.63,14.31,,6926.58,,False,0
750573,MXD702,Malaysia,2026-09-07 09:06:08,2026-09-07 09:06:08,101.004,3.336,6743.7,False,193.62,94.88,-7.48,,7178.04,,False,0
0101c9,SUCCF,Egypt,2026-09-07 09:03:33,2026-09-07 09:03:33,32.2469,31.2778,15.24,False,12.86,286.26,-0.33,,30.48,2000,False,0
75052a,AXM1725,Malaysia,2026-09-07 09:06:08,2026-09-07 09:06:08,103.9266,1.015,3596.64,False,157.16,60.16,-8.13,,3848.1,,False,0
497cb3,RAPTOR04,Portugal,2026-09-07 09:01:44,2026-09-07 09:01:44,-7.815,37.8833,1120.14,False,55.9,255.07,-3.58,,1318.26,,False,0
0101b6,MSR914,Egypt,2026-09-07 09:06:07,2026-09-07 09:06:07,33.2062,29.698,7711.44,False,252.21,99.87,5.2,,8275.32,6156,False,0
75053f,MAS789,Malaysia,2026-09-07 09:06:00,2026-09-07 09:06:08,101.5764,3.5563,5951.22,False,184.07,146.98,-9.1,,6324.6,,False,0
75053b,9MJET,Malaysia,2026-09-07 09:06:07,2026-09-07 09:06:07,103.6675,1.6427,,True,7.2,70.31,,,,,False,0
acf1a2,N933JM,United States,2026-09-07 09:03:15,2026-09-07 09:03:16,-0.4514,38.4325,236.22,False,54.68,109.8,2.28,,365.76,,False,0
750544,MAS171,Malaysia,2026-09-07 09:06:08,2026-09-07 09:06:08,92.619,18.4542,10668.0,False,235.49,128.35,0.0,,11361.42,2503,False,0
4caea0,RYR985X,Ireland,2026-09-07 09:06:08,2026-09-07 09:06:08,-9.2948,37.9383,11277.6,False,228.54,181.93,0.0,,11955.78,3732,False,0
33fd49,IAM1540,Italy,2026-09-07 09:06:09,2026-09-07 09:06:09,22.7092,38.1958,1303.02,False,62.61,276.13,0.0,,1485.9,,False,0
4d2504,RYR65SH,Malta,2026-09-07 09:06:08,2026-09-07 09:06:08,-0.4381,39.6021,7993.38,False,233.56,196.64,-9.1,,8572.5,1000,False,0
4caee7,RYR47FK,Ireland,2026-09-07 09:02:35,2026-09-07 09:02:35,23.9407,37.9305,,True,6.94,123.75,,,,2154,False,0
4caee5,RYR422B,Ireland,2026-09-07 09:06:09,2026-09-07 09:06:09,14.2697,35.7358,1150.62,False,93.21,50.6,-3.9,,1325.88,0563,False,0
4caebb,AYN7952,Ireland,2026-09-07 09:06:06,2026-09-07 09:06:09,35.2686,38.4739,10180.32,False,250.94,61.33,8.13,,10751.82,0727,False,0
4d251c,RYR9YD,Malta,2026-09-07 09:06:04,2026-09-07 09:06:06,3.767,39.6956,8427.72,False,236.64,20.09,6.5,,8983.98,4051,False,0
4d251d,RYR42SP,Malta,2026-09-07 09:06:09,2026-09-07 09:06:09,1.0564,38.998,11277.6,False,238.35,248.47,0.33,,11910.06,4051,False,0
4caecc,RYR76RK,Ireland,2026-09-07 09:06:08,2026-09-07 09:06:09,-0.802,38.1758,2628.9,False,151.16,160.52,-7.48,,2933.7,2066,False,0
4b9588,,Turkey,2026-09-07 09:03:49,2026-09-07 09:03:49,34.8938,32.01,,True,10.29,298.12,,,,,False,0
009522,ZUFTM,South Africa,2026-09-07 09:02:47,2026-09-07 09:02:48,18.6405,-33.514,502.92,False,37.58,340.82,-4.23,,617.22,,False,0
347282,NAY90HD,Spain,2026-09-07 09:06:08,2026-09-07 09:06:08,-16.4445,28.5376,1356.36,False,91.34,350.27,4.23,,1516.38,,False,0
4b8299,GUMUS33,Turkey,2026-09-07 09:06:08,2026-09-07 09:06:08,29.428,37.6577,5791.2,False,120.56,15.34,-0.65,,6141.72,3500,False,0
7504c3,AXM717,Malaysia,2026-09-07 09:06:08,2026-09-07 09:06:08,101.7305,2.5373,2202.18,False,144.56,151.52,10.73,,2293.62,,False,0
7504c0,9MITT,Malaysia,2026-09-07 09:06:08,2026-09-07 09:06:08,102.2281,2.2716,327.66,False,46.14,210.85,-0.65,,312.42,,False,0
40743a,GXILM,United Kingdom,2026-09-07 09:06:07,2026-09-07 09:06:07,-0.6144,39.1296,914.4,False,46.48,275.08,0.98,,1074.42,7360,False,0
7504d6,9MSKE,Malaysia,2026-09-07 09:06:09,2026-09-07 09:06:09,102.2051,2.1778,525.78,False,57.98,26.34,0.0,,525.78,,False,0
424b79,MAMBA,United Kingdom,2026-09-07 09:06:08,2026-09-07 09:06:09,-5.2561,36.1512,990.6,False,125.01,90.0,11.38,,1165.86,,False,0
717ceb,KNE359,Saudi Arabia,2026-09-07 09:06:09,2026-09-07 09:06:09,38.5411,33.775,9761.22,False,230.85,342.09,-0.33,,10408.92,,False,0
4caf34,RYR94EL,Ireland,2026-09-07 09:04:19,2026-09-07 09:04:19,-1.0331,37.8743,617.22,False,94.96,226.1,-4.55,,830.58,0517,False,0
4caf1f,ITY090,Ireland,2026-09-07 09:06:09,2026-09-07 09:06:09,1.4463,39.1166,11277.6,False,235.24,249.39,0.0,,11910.06,4026,False,0
347307,AEA73FB,Spain,2026-09-07 09:06:09,2026-09-07 09:06:09,2.5526,39.4677,1394.46,False,138.14,237.32,8.78,,1600.2,6372,False,0
4caf11,KZR553,Ireland,2026-09-07 09:06:09,2026-09-07 09:06:09,33.361,33.303,10668.0,False,233.67,191.56,0.0,,11391.9,1176,False,0
4072dc,EXS823K,United Kingdom,2026-09-07 09:06:08,2026-09-07 09:06:08,-16.8873,29.7127,10264.14,False,207.42,188.27,-7.48,,10911.84,,False,0
348611,ECORO,Spain,2026-09-07 09:06:08,2026-09-07 09:06:08,-6.063,37.0397,1615.44,False,61.24,215.43,-0.65,,1805.94,7235,False,0
76bcc4,TGW751,Singapore,2026-09-07 09:06:08,2026-09-07 09:06:09,96.682,14.2944,12489.18,False,243.07,133.63,-0.33,,13281.66,5712,False,0
4d23b8,DAH1074,Malta,2026-09-07 09:06:08,2026-09-07 09:06:08,1.4155,39.3508,10782.3,False,230.66,354.11,0.33,,11422.38,5573,False,0
881058,NOK575,Thailand,2026-09-07 09:06:08,2026-09-07 09:06:08,100.3289,13.4271,6088.38,False,201.26,358.1,-12.35,,6438.9,,False,0
717cce,KNE904,Saudi Arabia,2026-09-07 09:06:08,2026-09-07 09:06:08,38.7015,32.4301,11894.82,False,221.9,177.74,0.33,,12672.06,,False,0
4d23ed,VJT751,Malta,2026-09-07 09:05:49,2026-09-07 09:05:49,-16.7733,32.6962,,True,0.0,137.81,,,,,False,0
4bd0d3,TCTFS,Turkey,2026-09-07 09:06:08,2026-09-07 09:06:08,27.7264,37.7253,1927.86,False,41.49,42.99,-1.95,,2095.5,,False,0
4d23ea,CXI9369,Malta,2026-09-07 09:06:09,2026-09-07 09:06:09,24.3758,39.5878,11277.6,False,236.85,174.14,0.0,,11940.54,6025,False,0
4d23fb,RYR39DE,Malta,2026-09-07 09:06:08,2026-09-07 09:06:09,-4.7033,38.9641,11887.2,False,228.15,201.01,0.0,,12588.24,2041,False,0
4d23fc,RYR6078,Malta,2026-09-07 09:03:27,2026-09-07 09:03:29,-5.5492,33.3053,11887.2,False,234.55,215.54,0.0,,12595.86,0461,False,0
4d23e1,CHZ255,Malta,2026-09-07 09:01:57,2026-09-07 09:06:05,55.7585,25.0888,7002.78,False,201.65,69.85,17.56,,5737.86,6223,False,0
424b21,MARVA,United Kingdom,2026-09-07 09:06:09,2026-09-07 09:06:09,20.3606,39.3232,11574.78,False,241.66,305.38,-0.33,,12268.2,5606,False,0
009427,LNK663X,South Africa,2026-09-07 09:05:15,2026-09-07 09:05:15,20.8177,-32.9587,10622.28,False,239.56,50.05,3.58,,10789.92,,False,0
7505aa,MXD1635,Malaysia,2026-09-07 09:06:04,2026-09-07 09:06:04,103.8161,3.0106,11582.4,False,248.43,259.62,0.33,,12321.54,,False,0
45c86c,FLI7173,Denmark,2026-09-07 09:06:08,2026-09-07 09:06:08,20.7943,38.935,312.42,False,80.93,67.18,14.63,,342.9,,False,0
7505bf,MAS753,Malaysia,2026-09-07 09:06:08,2026-09-07 09:06:08,101.5488,3.006,1623.06,False,107.44,146.92,-6.5,,1706.88,,False,0
008126,GBB102K,South Africa,2026-09-07 09:05:36,2026-09-07 09:06:04,27.6683,-26.8212,5768.34,False,178.43,14.36,-9.1,,6134.1,,False,0
33fe7d,IAM1424,Italy,2026-09-07 09:06:08,2026-09-07 09:06:09,17.6665,39.5912,8229.6,False,212.21,245.05,-0.33,,8808.72,,False,0
4d2434,WZZ8KU,Malta,2026-09-07 09:04:44,2026-09-07 09:04:44,14.4966,35.8467,,True,0.0,39.38,,,,5541,False,0
4cadbe,RYR16UW,Ireland,2026-09-07 09:06:09,2026-09-07 09:06:09,15.2958,36.3124,7071.36,False,202.3,231.09,-11.7,,7597.14,3705,False,0
4d241f,WMT4GH,Malta,2026-09-07 09:06:08,2026-09-07 09:06:08,29.4708,34.5038,10370.82,False,211.17,305.78,0.0,,11056.62,1331,False,0
4cadc1,RYR174E,Ireland,2026-09-07 09:06:08,2026-09-07 09:06:08,-0.1346,39.9096,5090.16,False,193.78,25.14,11.38,,5501.64,5551,False,0
4cade0,RYR44KF,Ireland,2026-09-07 09:06:08,2026-09-07 09:06:09,29.6717,39.345,11277.6,False,252.6,158.87,0.0,,11910.06,5462,False,0
4cadcb,ITY719,Ireland,2026-09-07 09:06:07,2026-09-07 09:06:07,23.9512,37.9376,,True,0.0,216.56,,,,,False,0
44a831,JAF11G,Belgium,2026-09-07 09:06:08,2026-09-07 09:06:09,26.2168,37.0325,10325.1,False,228.7,334.13,9.1,,10965.18,,False,0
44a838,JAF8AV,Belgium,2026-09-07 09:06:09,2026-09-07 09:06:09,-2.7273,35.4189,6934.2,False,211.71,315.0,9.43,,7459.98,,False,0
4d2420,WMT762,Malta,2026-09-07 09:06:07,2026-09-07 09:06:08,26.2094,36.6793,10355.58,False,217.68,297.59,0.0,,11033.76,7343,False,0
3005df,,Italy,2026-09-07 09:03:09,2026-09-07 09:03:10,9.0918,39.2957,259.08,False,67.21,196.91,-2.28,,388.62,0037,False,0
4cadac,ITY1710,Ireland,2026-09-07 09:06:09,2026-09-07 09:06:09,15.0726,38.4218,6804.66,False,248.02,327.36,7.8,,7330.44,,False,0
4d2475,BBG702,Malta,2026-09-07 09:06:08,2026-09-07 09:06:08,26.0256,36.9012,10972.8,False,221.39,305.35,0.0,,11658.6,4140,False,0
4cadfe,RYR9AW,Ireland,2026-09-07 09:06:08,2026-09-07 09:06:09,14.3844,36.8541,7345.68,False,187.97,190.73,-8.45,,7879.08,7125,False,0
44a826,JAF1YV,Belgium,2026-09-07 09:06:08,2026-09-07 09:06:09,24.8024,36.3082,7315.2,False,214.97,340.13,8.45,,7810.5,,False,0
4caddd,ITY1785,Ireland,2026-09-07 09:06:08,2026-09-07 09:06:08,13.0195,39.1418,6568.44,False,194.06,164.78,-12.68,,7071.36,,False,0
40751b,EXS89WN,United Kingdom,2026-09-07 09:06:09,2026-09-07 09:06:09,-4.7998,36.9678,1935.48,False,142.29,183.73,-4.55,,2194.56,1074,False,0
40751c,EXS64MZ,United Kingdom,2026-09-07 09:02:37,2026-09-07 09:02:37,-11.4162,32.6499,10668.0,False,222.47,206.51,0.0,,11315.7,1071,False,0
346047,VLG602T,Spain,2026-09-07 09:06:08,2026-09-07 09:06:08,-4.525,36.9996,11277.6,False,229.16,235.7,-0.33,,12001.5,0410,False,0
4cadef,RYR358T,Ireland,2026-09-07 09:06:09,2026-09-07 09:06:09,13.0553,38.8948,11582.4,False,242.38,358.54,0.33,,12260.58,6574,False,0
4d244c,RYR2WU,Malta,2026-09-07 09:06:08,2026-09-07 09:06:09,-9.9706,34.9836,11277.6,False,214.97,204.91,0.0,,11963.4,2072,False,0
4cadf6,RYR87VD,Ireland,2026-09-07 09:05:03,2026-09-07 09:06:08,-12.5177,30.4833,11887.2,False,226.29,204.58,0.0,,12588.24,,False,0
40756c,EZY73GW,United Kingdom,2026-09-07 09:06:08,2026-09-07 09:06:08,9.1715,39.3863,11277.6,False,229.74,156.65,0.33,,11925.3,6376,False,0
4d248e,WMT611,Malta,2026-09-07 09:05:51,2026-09-07 09:05:51,34.8914,31.9957,,True,0.0,106.88,,,,,False,0
4d247f,VJT768,Malta,2026-09-07 09:06:08,2026-09-07 09:06:08,26.3421,34.4765,14317.98,False,229.56,319.64,0.0,,15072.36,6621,False,0
33fcc1,FIAMMA31,Italy,2026-09-07 09:06:09,2026-09-07 09:06:09,9.279,39.071,236.22,False,62.67,279.93,-0.65,,373.38,0031,False,0
4cae14,ITY1731,Ireland,2026-09-07 09:02:50,2026-09-07 09:02:50,14.7153,37.4368,1104.9,False,139.59,84.29,-9.75,,1310.64,0011,False,0
347403,OAR2YUS,Spain,2026-09-07 09:05:32,2026-09-07 09:05:32,-4.111,36.7467,182.88,False,48.12,186.14,-0.98,,320.04,,False,0
4cae49,RYR8ZZ,Ireland,2026-09-07 09:06:08,2026-09-07 09:06:08,20.8035,39.2736,10972.8,False,230.96,305.39,0.0,,11635.74,,False,0
4cae57,RYR6KB,Ireland,2026-09-07 09:06:08,2026-09-07 09:06:09,21.068,38.1567,11277.6,False,250.24,126.3,0.0,,11963.4,7575,False,0
4cae1c,ITY716,Ireland,2026-09-07 09:06:09,2026-09-07 09:06:09,20.4396,38.2077,11277.6,False,246.34,106.13,-0.33,,11971.02,,False,0
4cae80,ITY678,Ireland,2026-09-07 09:06:09,2026-09-07 09:06:09,6.9631,39.5731,10058.4,False,251.02,224.34,0.0,,10668.0,,False,0
4cae6d,RYR8EC,Ireland,2026-09-07 09:05:58,2026-09-07 09:05:58,-10.6495,35.0753,11277.6,False,233.29,198.12,0.0,,11963.4,0504,False,0
4cae96,RYR8XP,Ireland,2026-09-07 09:06:08,2026-09-07 09:06:08,25.0904,39.185,10972.8,False,228.94,332.57,0.0,,11643.36,,False,0
4cae7d,TOM582,Ireland,2026-09-07 09:05:28,2026-09-07 09:05:28,28.6281,36.6087,1775.46,False,124.67,195.07,-5.2,,1927.86,4741,False,0
4d22ab,KMM613,Malta,2026-09-07 09:06:08,2026-09-07 09:06:09,12.728,37.0696,11361.42,False,231.14,137.07,-14.31,,12062.46,1224,False,0
4d22ac,BBG887,Malta,2026-09-07 09:06:08,2026-09-07 09:06:08,26.633,36.7469,8412.48,False,245.15,118.45,7.48,,8968.74,,False,0
4cae68,RYR56PC,Ireland,2026-09-07 09:06:09,2026-09-07 09:06:09,-0.5336,38.7792,6408.42,False,187.54,183.14,-5.53,,6903.72,7505,False,0
4d22c2,RYR2JY,Malta,2026-09-07 09:06:08,2026-09-07 09:06:08,3.7607,39.6752,10972.8,False,234.63,67.71,0.0,,11620.5,1446,False,0
4cae65,,Ireland,2026-09-07 09:05:39,2026-09-07 09:05:39,24.214,35.5108,342.9,False,82.37,295.92,-4.88,,464.82,,False,0
424c34,MOGMC,United Kingdom,2026-09-07 09:06:08,2026-09-07 09:06:08,28.5879,35.865,10668.0,False,264.94,119.55,0.33,,11315.7,7413,False,0
0080b3,ZSLBD,South Africa,2026-09-07 09:06:09,2026-09-07 09:06:09,28.7346,-25.8172,3352.8,False,82.86,49.78,0.0,,3619.5,,False,0
4cae9b,RYR66AH,Ireland,2026-09-07 09:02:28,2026-09-07 09:02:37,-7.9653,37.0172,,True,4.89,351.56,,,,3702,False,0
407267,EXS1RE,United Kingdom,2026-09-07 09:06:07,2026-09-07 09:06:07,-12.9941,29.8665,7223.76,False,175.22,199.02,-8.45,,7787.64,,False,0
34838c,ECONS,Spain,2026-09-07 09:06:07,2026-09-07 09:06:07,-3.239,39.9455,967.74,False,88.27,310.75,0.0,,1135.38,,False,0
348397,ECOLP,Spain,2026-09-07 09:06:08,2026-09-07 09:06:08,-5.9757,36.7025,1379.22,False,56.41,46.85,1.95,,1592.58,5135,False,0
348396,ECOLO,Spain,2026-09-07 09:01:37,2026-09-07 09:01:37,-6.0504,36.7647,60.96,False,36.97,201.21,-1.3,,182.88,5136,False,0
3c56ee,EWG6NT,Germany,2026-09-07 09:06:08,2026-09-07 09:06:08,23.0491,38.6668,10972.8,False,230.03,329.94,0.33,,11666.22,,False,0
46d0ad,SEH2KS,Greece,2026-09-07 09:06:08,2026-09-07 09:06:09,25.8469,36.6525,4876.8,False,131.47,317.7,0.0,,5204.46,,False,0
4d2352,CAI84SD,Malta,2026-09-07 09:06:07,2026-09-07 09:06:08,30.8357,37.2565,3337.56,False,169.83,358.44,4.88,,3550.92,3237,False,0
4d2366,ANE42SD,Malta,2026-09-07 09:06:09,2026-09-07 09:06:09,-2.675,36.0422,3962.4,False,124.93,192.61,0.0,,4328.16,,False,0
4b8033,OR2030,Turkey,2026-09-07 09:05:27,2026-09-07 09:06:06,28.0525,37.2784,1623.06,False,73.18,111.88,2.6,,1783.08,,False,0
348359,MENTR77,Spain,2026-09-07 09:06:08,2026-09-07 09:06:08,-7.9056,38.1336,312.42,False,37.13,3.97,1.63,,449.58,,False,0
800b30,AXB173,India,2026-09-07 09:06:08,2026-09-07 09:06:08,70.6965,23.0038,10363.2,False,244.33,255.12,0.0,,11041.38,,False,0
348346,FYS26ON,Spain,2026-09-07 09:06:07,2026-09-07 09:06:07,-0.5739,38.8336,1310.64,False,49.43,87.61,-0.98,,1524.0,7030,False,0
348343,ECOLH,Spain,2026-09-07 09:06:09,2026-09-07 09:06:09,-2.8861,37.1797,8534.4,False,227.63,55.12,0.33,,9128.76,5021,False,0
800b9e,AXB1896,India,2026-09-07 09:06:05,2026-09-07 09:06:05,77.7562,13.1892,1059.18,False,77.7,271.14,-3.9,,1005.84,,False,0
348313,DNC81MF,Spain,2026-09-07 09:06:08,2026-09-07 09:06:09,-3.9002,36.7482,1927.86,False,48.57,298.47,0.33,,2164.08,,False,0
4d2376,OSPREY3,Malta,2026-09-07 09:04:45,2026-09-07 09:04:45,3.2833,38.8482,1760.22,False,64.55,185.03,-0.33,,1996.44,6366,False,0
348305,IBB66ZR,Spain,2026-09-07 09:06:08,2026-09-07 09:06:08,-7.1701,35.0341,12192.0,False,226.78,41.14,0.0,,12893.04,6262,False,0
4703a9,DNC1RB,Hungary,2026-09-07 09:06:08,2026-09-07 09:06:08,-3.679,36.6938,1737.36,False,70.6,266.66,0.65,,1958.34,,False,0
4d2386,RYR95GB,Malta,2026-09-07 09:06:08,2026-09-07 09:06:08,-1.0499,39.0946,5760.72,False,173.98,130.8,-4.88,,6225.54,2247,False,0
348412,AEA96DJ,Spain,2026-09-07 09:06:08,2026-09-07 09:06:08,-15.6454,29.1837,7406.64,False,207.32,53.27,8.78,,7909.56,,False,0
4d229d,CXI5RU,Malta,2026-09-07 09:06:09,2026-09-07 09:06:09,22.7144,38.1406,11582.4,False,219.14,320.14,0.0,,12275.82,,False,0
4070ec,EXS16D,United Kingdom,2026-09-07 09:06:09,2026-09-07 09:06:09,-1.8352,39.6337,9182.1,False,231.1,143.69,-11.05,,9822.18,0531,False,0
4070ed,EXS1825,United Kingdom,2026-09-07 09:06:08,2026-09-07 09:06:08,-14.2189,36.1263,11277.6,False,232.48,210.59,0.0,,11940.54,2237,False,0
4cad11,RYR3644,Ireland,2026-09-07 09:06:08,2026-09-07 09:06:08,-7.3611,38.8246,11582.4,False,238.73,15.11,0.0,,12291.06,7756,False,0
4070e4,EXS43CE,United Kingdom,2026-09-07 09:06:09,2026-09-07 09:06:09,-5.0224,37.1211,3131.82,False,149.71,179.41,-2.6,,3451.86,5424,False,0
151fe7,AFL426,Russian Federation,2026-09-07 09:06:09,2026-09-07 09:06:09,31.4377,37.5757,10668.0,False,234.92,198.12,0.0,,11323.32,5331,False,0
151fe9,AFL422,Russian Federation,2026-09-07 09:06:08,2026-09-07 09:06:08,31.519,38.076,10668.0,False,226.9,207.84,0.0,,11323.32,2360,False,0
4c01e1,ASL48X,Serbia,2026-09-07 09:06:09,2026-09-07 09:06:09,26.1259,38.0537,11292.84,False,219.86,318.89,-5.2,,11978.64,1765,False,0
4cad5c,ITY1765,Ireland,2026-09-07 09:06:08,2026-09-07 09:06:08,12.769,39.8008,10492.74,False,223.23,163.95,-3.9,,11125.2,1000,False,0
3c4598,BOX586,Germany,2026-09-07 09:03:54,2026-09-07 09:06:06,55.794,25.3296,4023.36,False,154.13,143.55,0.0,,4274.82,6205,False,0
04c27e,ACP272,Kenya,2026-09-07 09:06:09,2026-09-07 09:06:09,56.1657,24.7717,5349.24,False,194.13,12.08,-5.53,,5692.14,,False,0
3c5853,VJH767,Germany,2026-09-07 09:05:54,2026-09-07 09:05:56,25.346,37.4363,,True,0.0,5.62,,,,,False,0
4d21ff,9HEFA,Malta,2026-09-07 09:06:08,2026-09-07 09:06:08,16.0992,38.7188,693.42,False,61.39,283.57,0.0,,845.82,,False,0
4d21f2,RYR2495,Malta,2026-09-07 09:05:36,2026-09-07 09:05:36,3.0018,39.6684,1143.0,False,116.81,238.69,-3.25,,1348.74,6343,False,0
881427,AIQ3092,Thailand,2026-09-07 09:06:08,2026-09-07 09:06:08,100.2977,12.9535,8092.44,False,196.3,9.81,-8.78,,8610.6,,False,0
881425,AIQ3207,Thailand,2026-09-07 09:06:08,2026-09-07 09:06:08,100.2877,14.8846,8161.02,False,219.14,354.48,5.85,,8679.18,,False,0
881423,AIQ356,Thailand,2026-09-07 09:06:09,2026-09-07 09:06:09,100.6693,14.0274,708.66,False,86.34,208.86,-4.88,,670.56,,False,0
800c09,LLR514,India,2026-09-07 09:06:08,2026-09-07 09:06:08,77.4756,12.9326,3657.6,False,133.93,21.64,0.65,,3855.72,,False,0
86e75e,JAL39,Japan,2026-09-07 09:05:55,2026-09-07 09:05:58,81.2132,26.6719,12192.0,False,260.22,286.89,0.0,,12969.24,1077,False,0
00ae88,LNK150S,South Africa,2026-09-07 09:06:09,2026-09-07 09:06:09,28.2767,-24.3672,9715.5,False,221.73,0.53,2.93,,10264.14,,False,0
800c42,AIC7XQ,India,2026-09-07 09:06:09,2026-09-07 09:06:09,84.3316,25.8131,5623.56,False,187.91,107.69,-5.53,,5890.26,,False,0
00ae6e,LNK326B,South Africa,2026-09-07 09:06:08,2026-09-07 09:06:08,18.5406,-33.8336,4145.28,False,168.6,356.15,12.03,,4411.98,,False,0
800c11,IGO967,India,2026-09-07 09:06:07,2026-09-07 09:06:07,88.4428,22.6401,,True,4.37,90.0,,,,1465,False,0
800c0c,AIC7EF,India,2026-09-07 09:06:08,2026-09-07 09:06:08,86.3489,23.8634,10050.78,False,222.36,125.01,0.0,,10698.48,0565,False,0
800c0b,AIC2UY,India,2026-09-07 09:04:23,2026-09-07 09:04:23,72.6491,19.4334,4259.58,False,176.06,342.84,13.0,,4419.6,,False,0
4d2238,RYR4VW,Malta,2026-09-07 09:05:59,2026-09-07 09:06:01,-3.068,35.164,2735.58,False,149.96,226.95,-7.15,,3040.38,0475,False,0
4d2239,RYR2WH,Malta,2026-09-07 09:06:08,2026-09-07 09:06:08,-1.4601,38.0544,11277.6,False,248.06,207.68,0.0,,11948.16,2306,False,0
461a85,FSF120A,Finland,2026-09-07 09:06:08,2026-09-07 09:06:08,2.4945,39.2689,7962.9,False,147.75,230.94,-5.2,,8519.16,1000,False,0
800c71,IGO2022,India,2026-09-07 09:06:09,2026-09-07 09:06:09,76.2006,28.2885,4191.0,False,162.43,63.27,-7.48,,4358.64,,False,0
46d1cf,SEH691,Greece,2026-09-07 09:06:08,2026-09-07 09:06:08,22.2056,38.3293,5181.6,False,132.85,124.43,0.0,,5547.36,,False,0
800c6d,IGO7291,India,2026-09-07 09:05:51,2026-09-07 09:05:51,80.2974,13.9178,4305.3,False,111.69,11.15,2.28,,4328.16,,False,0
4d2230,AXY373G,Malta,2026-09-07 09:05:17,2026-09-07 09:06:06,33.6931,28.5153,10972.8,False,228.66,308.88,0.33,,11811.0,0554,False,0
800c85,AIC2332,India,2026-09-07 09:06:08,2026-09-07 09:06:08,96.6904,15.5203,10660.38,False,234.18,105.81,0.0,,11361.42,0553,False,0
4d2216,RYR20SB,Malta,2026-09-07 09:06:08,2026-09-07 09:06:09,-5.1552,35.8144,11277.6,False,233.06,215.02,0.0,,11971.02,2334,False,0
4d2218,RYR4SX,Malta,2026-09-07 09:06:08,2026-09-07 09:06:08,4.1816,39.9239,10668.0,False,232.46,262.5,0.0,,11292.84,1000,False,0
4d2212,RYR98PJ,Malta,2026-09-07 09:01:11,2026-09-07 09:03:08,-0.938,38.3762,1874.52,False,102.76,99.51,-4.23,,2087.88,1000,False,0
347144,A352,Spain,2026-09-07 09:06:09,2026-09-07 09:06:09,28.0708,37.2636,1592.58,False,72.88,108.95,2.93,,1684.02,,False,0
800c65,IGO5AP,India,2026-09-07 09:06:08,2026-09-07 09:06:08,77.1961,27.6113,5189.22,False,139.8,80.47,0.0,,5448.3,,False,0
4d2222,RYR70GE,Malta,2026-09-07 09:06:07,2026-09-07 09:06:08,11.8598,39.2087,8542.02,False,242.93,317.83,7.48,,9113.52,,False,0
406016,EZY21RK,United Kingdom,2026-09-07 09:06:09,2026-09-07 09:06:09,20.2211,38.3915,7559.04,False,235.22,151.81,-14.63,,8115.3,3467,False,0
a4ce71,DAL235,United States,2026-09-07 09:06:08,2026-09-07 09:06:08,33.7487,32.2705,4610.1,False,189.36,295.94,6.18,,4922.52,4151,False,0
4d2258,RYR204M,Malta,2026-09-07 09:06:08,2026-09-07 09:06:09,3.8159,39.9563,4503.42,False,171.85,246.35,-4.88,,4899.66,1000,False,0
800c8f,AIC8US,India,2026-09-07 09:06:07,2026-09-07 09:06:07,88.4408,22.6435,,True,1.54,275.62,,,,0242,False,0
4cabec,EIN580,Ireland,2026-09-07 09:06:08,2026-09-07 09:06:08,-4.8613,37.8177,7056.12,False,224.61,193.24,-14.31,,7604.76,4651,False,0
70afb9,RNA217,Nepal,2026-09-07 09:06:09,2026-09-07 09:06:09,77.9584,28.5274,3992.88,False,136.71,259.16,-2.6,,4152.9,,False,0
800c9b,IGO7063,India,2026-09-07 09:05:54,2026-09-07 09:05:54,81.7611,17.9069,4876.8,False,131.28,213.01,0.0,,5143.5,,False,0
4d2261,RYR64JM,Malta,2026-09-07 09:06:08,2026-09-07 09:06:08,3.5246,39.5509,7856.22,False,227.63,59.44,8.13,,8382.0,1050,False,0
710070,SVA235,Saudi Arabia,2026-09-07 09:06:09,2026-09-07 09:06:09,34.0285,35.9101,10363.2,False,221.32,296.51,0.0,,11003.28,1332,False,0
710061,SVA809,Saudi Arabia,2026-09-07 09:06:08,2026-09-07 09:06:09,88.0971,22.8469,10363.2,False,253.62,251.31,-0.33,,11049.0,4713,False,0
348517,SWT192P,Spain,2026-09-07 09:06:09,2026-09-07 09:06:09,-4.0399,39.9457,3665.22,False,154.87,6.68,-7.48,,4023.36,6246,False,0
c008b7,ACA73,Canada,2026-09-07 09:05:15,2026-09-07 09:05:18,-9.9168,34.6078,9730.74,False,255.61,296.15,5.2,,10363.2,,False,0
4a1c32,GRO336P,Romania,2026-09-07 09:05:27,2026-09-07 09:05:48,-4.6003,36.7299,518.16,False,97.33,117.38,-4.23,,662.94,4016,False,0
00f138,ZUFOH,South Africa,2026-09-07 09:06:08,2026-09-07 09:06:08,18.5492,-33.7717,76.2,False,37.61,356.86,-3.9,,198.12,,False,0
71001d,SVA195,Saudi Arabia,2026-09-07 09:06:08,2026-09-07 09:06:09,31.0625,30.3957,10363.2,False,230.74,316.81,0.0,,11125.2,4530,False,0
710057,SVA758,Saudi Arabia,2026-09-07 09:06:09,2026-09-07 09:06:09,51.1548,23.0084,10668.0,False,252.6,98.2,0.0,,11407.14,4551,False,0
71002b,SVA215,Saudi Arabia,2026-09-07 09:06:08,2026-09-07 09:06:08,25.3215,36.4559,11574.78,False,239.05,332.99,0.0,,12298.68,,False,0
71002a,SVA870,Saudi Arabia,2026-09-07 09:06:09,2026-09-07 09:06:09,92.9498,16.5612,11269.98,False,249.47,113.71,-0.65,,11993.88,5207,False,0
4d20b1,WMT3R,Malta,2026-09-07 09:06:08,2026-09-07 09:06:08,13.1121,38.8854,4000.5,False,186.78,162.36,-11.38,,4358.64,,False,0
800af5,IGO6485,India,2026-09-07 09:06:07,2026-09-07 09:06:07,77.2448,30.3557,2667.0,False,117.32,318.2,-2.28,,2735.58,,False,0
800af1,IGO295C,India,2026-09-07 09:06:09,2026-09-07 09:06:09,77.0874,28.5613,,True,0.0,67.5,,,,,False,0
4cac23,RYR70XH,Ireland,2026-09-07 09:06:08,2026-09-07 09:06:08,-1.5291,38.8645,11277.6,False,246.85,232.37,0.0,,11963.4,4033,False,0
4cac0b,KZR216,Ireland,2026-09-07 09:06:02,2026-09-07 09:06:08,34.422,37.7819,10058.4,False,240.7,27.77,0.0,,10652.76,1044,False,0
469596,SEH472,Greece,2026-09-07 09:06:09,2026-09-07 09:06:09,24.6696,37.3559,2522.22,False,146.45,138.13,-3.25,,2735.58,,False,0
4cac1e,RYR89XA,Ireland,2026-09-07 09:06:08,2026-09-07 09:06:09,-15.9547,32.711,10668.0,False,250.77,201.67,-0.33,,11292.84,3734,False,0
00af25,ZSKUI,South Africa,2026-09-07 09:06:08,2026-09-07 09:06:08,18.8366,-33.9867,434.34,False,59.87,199.06,-0.65,,548.64,,False,0
885b50,TVJ133,Thailand,2026-09-07 09:06:08,2026-09-07 09:06:08,100.4138,16.9202,10668.0,False,238.9,174.19,0.0,,9692.64,,False,0
4cac8c,NOS45LJ,Ireland,2026-09-07 09:06:08,2026-09-07 09:06:09,23.6175,34.8743,11277.6,False,257.34,141.41,0.0,,12031.98,0457,False,0
70e085,SEJ5155,Cambodia,2026-09-07 09:05:06,2026-09-07 09:06:04,55.8373,25.1269,2346.96,False,1222.12,312.34,-9.43,,3810.0,4724,False,0
885b45,TVJ962,Thailand,2026-09-07 09:06:09,2026-09-07 09:06:09,101.8291,13.9106,7566.66,False,213.73,67.2,9.1,,7962.9,,False,0
885b44,TVJ335,Thailand,2026-09-07 09:06:09,2026-09-07 09:06:09,100.8281,13.6207,2857.5,False,146.37,14.87,-5.85,,2971.8,,False,0
885b41,TVJ107,Thailand,2026-09-07 09:06:08,2026-09-07 09:06:08,99.6662,17.1956,9944.1,False,243.55,162.29,4.88,,9601.2,,False,0
3483c2,ECOLU,Spain,2026-09-07 09:06:09,2026-09-07 09:06:09,-5.7229,37.2018,1318.26,False,59.61,21.25,0.33,,1493.52,7224,False,0
04c147,KQA603,Kenya,2026-09-07 09:06:09,2026-09-07 09:06:09,36.8234,-1.3955,2171.7,False,88.18,53.06,-4.88,,2316.48,,False,0
408357,EXS52GH,United Kingdom,2026-09-07 09:06:08,2026-09-07 09:06:08,-4.5374,39.1307,11269.98,False,228.06,184.4,0.0,,11963.4,2236,False,0
408346,EXS38W,United Kingdom,2026-09-07 09:06:09,2026-09-07 09:06:09,1.6735,39.1766,3581.4,False,150.84,232.62,-3.25,,3939.54,2224,False,0
800d03,SEJ2449,India,2026-09-07 09:06:08,2026-09-07 09:06:08,82.5404,26.2673,7315.2,False,162.84,288.61,-0.33,,7741.92,2617,False,0
800d09,IGO1427,India,2026-09-07 09:06:09,2026-09-07 09:06:09,66.6673,22.9597,10363.2,False,230.48,270.38,0.0,,11041.38,,False,0
4a1aae,AWG730Q,Romania,2026-09-07 09:06:09,2026-09-07 09:06:09,32.2121,34.93,6659.88,False,212.38,131.96,-10.73,,7117.08,5476,False,0
40837c,EXS12M,United Kingdom,2026-09-07 09:06:08,2026-09-07 09:06:09,-16.0686,37.2837,10988.04,False,235.28,184.39,0.0,,11643.36,,False,0
44c926,OORIF,Belgium,2026-09-07 09:06:08,2026-09-07 09:06:08,24.5261,38.4638,1729.74,False,76.43,174.98,-2.28,,1897.38,,False,0
408389,EZY79GK,United Kingdom,2026-09-07 09:06:08,2026-09-07 09:06:08,14.2968,36.0746,3017.52,False,153.06,331.71,14.31,,3291.84,6561,False,0
800d36,IGO6430,India,2026-09-07 09:06:08,2026-09-07 09:06:08,77.4926,30.4126,9372.6,False,236.19,181.25,-5.2,,9982.2,,False,0
408387,EZY59ZF,United Kingdom,2026-09-07 09:06:08,2026-09-07 09:06:08,24.0593,36.9086,6614.16,False,200.02,113.33,-8.78,,7086.6,3452,False,0
800d2d,IGO761M,India,2026-09-07 09:06:08,2026-09-07 09:06:08,87.1682,26.1613,11277.6,False,221.47,94.8,-0.33,,12024.36,0512,False,0
4691c7,AEE5SR,Greece,2026-09-07 09:06:08,2026-09-07 09:06:08,23.807,37.8036,838.2,False,89.21,37.27,-0.65,,998.22,,False,0
710106,SVA735,Saudi Arabia,2026-09-07 09:04:18,2026-09-07 09:04:23,54.7455,22.0068,10972.8,False,259.09,258.78,0.0,,11734.8,,False,0
4691c5,AEE5C,Greece,2026-09-07 08:56:53,2026-09-07 09:05:46,25.317,36.5516,3284.22,False,128.91,121.79,-7.15,,3459.48,,False,0
4caaa8,ITY1195,Ireland,2026-09-07 09:06:08,2026-09-07 09:06:08,15.4142,38.3994,2057.4,False,148.66,140.19,-11.38,,2301.24,1000,False,0
710112,SVA038,Saudi Arabia,2026-09-07 09:06:09,2026-09-07 09:06:09,36.5194,35.235,11277.6,False,267.06,148.79,0.0,,11963.4,7505,False,0
710102,SVA983,Saudi Arabia,2026-09-07 09:06:08,2026-09-07 09:06:08,70.0629,22.8561,9753.6,False,263.43,273.69,0.0,,10363.2,,False,0
71011e,SVA845,Saudi Arabia,2026-09-07 09:06:08,2026-09-07 09:06:08,98.646,14.2406,9745.98,False,250.56,273.77,-0.65,,9044.94,,False,0
71011d,SVA852,Saudi Arabia,2026-09-07 09:06:08,2026-09-07 09:06:08,53.3581,22.7179,11887.2,False,252.82,97.72,0.0,,12679.68,4262,False,0
010163,MSR725,Egypt,2026-09-07 09:05:43,2026-09-07 09:06:08,29.9142,31.5032,9624.06,False,232.48,315.99,6.18,,10309.86,7305,False,0
711462,FAD742,Saudi Arabia,2026-09-07 09:04:16,2026-09-07 09:04:19,36.3933,29.5703,9433.56,False,247.31,171.15,0.33,,10142.22,5742,False,0
710121,SVA021,Saudi Arabia,2026-09-07 09:06:08,2026-09-07 09:06:08,24.319,36.6149,9144.0,False,255.77,320.39,0.0,,9768.84,,False,0
4d2158,CYF234,Malta,2026-09-07 09:04:11,2026-09-07 09:04:11,20.824,38.9676,5814.06,False,213.47,287.39,-8.13,,9296.4,6013,False,0
4d214d,AIZ122,Malta,2026-09-07 09:06:08,2026-09-07 09:06:08,25.1788,37.391,2407.92,False,146.89,155.59,8.78,,2636.52,,False,0
4d2153,CXI6MY,Malta,2026-09-07 09:06:08,2026-09-07 09:06:09,27.0191,36.9499,2026.92,False,117.63,342.44,13.33,,2194.56,,False,0
01010c,MSR2753,Egypt,2026-09-07 09:06:09,2026-09-07 09:06:09,12.2434,36.4496,10363.2,False,232.96,278.38,0.0,,11003.28,5514,False,0
009132,LNK341C,South Africa,2026-09-07 09:02:35,2026-09-07 09:02:35,18.5983,-33.9614,,True,2.31,45.0,,,,,False,0
4d211c,9HGME,Malta,2026-09-07 09:05:15,2026-09-07 09:05:15,-8.2057,37.8344,175.26,False,3.71,56.31,-0.98,,312.42,,False,0
04c2ef,5YSKC,Kenya,2026-09-07 09:06:03,2026-09-07 09:06:08,37.6191,-1.7558,7178.04,False,154.76,127.71,17.88,,7597.14,,False,0
4b18d8,NUM431,Switzerland,2026-09-07 09:05:58,2026-09-07 09:05:59,87.8166,17.9707,12192.0,False,274.74,320.32,0.0,,12931.14,2174,False,0
4b18f4,EDW371,Switzerland,2026-09-07 09:06:09,2026-09-07 09:06:09,28.8399,36.6366,10355.58,False,221.47,319.43,0.0,,11010.9,6051,False,0
4d208e,WMT431,Malta,2026-09-07 09:06:09,2026-09-07 09:06:09,-1.2772,38.3268,10972.8,False,217.7,27.9,0.0,,11658.6,1000,False,0
800ba0,LLR733,India,2026-09-07 09:06:08,2026-09-07 09:06:09,83.4378,25.146,4876.8,False,109.01,252.42,-0.33,,5128.26,,False,0
3480c3,IBB94PK,Spain,2026-09-07 09:06:09,2026-09-07 09:06:09,-6.4168,37.6313,10873.74,False,234.29,45.89,-21.46,,11544.3,6251,False,0
800be6,AIC9VJ,India,2026-09-07 09:06:07,2026-09-07 09:06:09,75.471,27.3066,10302.24,False,236.16,29.64,-10.4,,10965.18,,False,0
0100e0,MSR845,Egypt,2026-09-07 09:06:09,2026-09-07 09:06:09,16.2702,35.5925,10972.8,False,213.46,277.9,0.0,,11673.84,,False,0
7100ad,SVA179,Saudi Arabia,2026-09-07 09:06:09,2026-09-07 09:06:09,31.4092,38.2123,10363.2,False,212.12,311.46,0.0,,10988.04,5444,False,0
7100a6,SVA572,Saudi Arabia,2026-09-07 09:06:08,2026-09-07 09:06:08,50.8478,23.0663,9448.8,False,239.37,98.65,0.0,,10104.12,4253,False,0
4b191c,SWR181,Switzerland,2026-09-07 09:06:07,2026-09-07 09:06:08,79.2398,28.4942,9753.6,False,263.94,317.29,0.0,,10370.82,0736,False,0
04c1c0,JMA8641,Kenya,2026-09-07 09:02:39,2026-09-07 09:02:39,38.358,-2.3446,7315.2,False,165.71,298.16,0.0,,7810.5,,False,0
4b193f,CSW803,Switzerland,2026-09-07 09:06:08,2026-09-07 09:06:08,25.2968,36.6993,10972.8,False,212.98,287.43,0.0,,11681.46,,False,0
4caa60,RYR8YT,Ireland,2026-09-07 09:06:09,2026-09-07 09:06:09,-5.2641,35.6153,434.34,False,103.99,63.56,8.78,,563.88,,False,0
40717c,EXS26MN,United Kingdom,2026-09-07 09:05:17,2026-09-07 09:06:04,18.7925,39.5024,10980.42,False,214.64,142.5,-5.2,,11643.36,7314,False,0
40717f,EXS81FR,United Kingdom,2026-09-07 09:06:09,2026-09-07 09:06:09,13.9409,36.3045,4274.82,False,181.72,161.0,-9.75,,4640.58,0557,False,0
407181,EXS38GS,United Kingdom,2026-09-07 09:06:08,2026-09-07 09:06:08,-7.5411,38.7411,10408.92,False,207.22,185.41,-9.43,,11079.48,2051,False,0
7100bb,SVA257,Saudi Arabia,2026-09-07 09:06:08,2026-09-07 09:06:08,31.0059,32.8955,11582.4,False,247.47,347.15,0.0,,12359.64,5231,False,0
407179,EXS1255,United Kingdom,2026-09-07 09:06:07,2026-09-07 09:06:08,26.6653,36.8687,3459.48,False,192.8,153.37,-11.38,,3726.18,2712,False,0
3c66e4,OCN5JU,Germany,2026-09-07 09:06:08,2026-09-07 09:06:08,1.3719,38.8742,,True,9.77,241.88,,,,1000,False,0
4692d6,AEE924,Greece,2026-09-07 09:06:08,2026-09-07 09:06:09,28.7039,35.5365,10668.0,False,254.59,125.87,0.0,,11323.32,7432,False,0
4692d2,AEE971,Greece,2026-09-07 09:06:09,2026-09-07 09:06:09,23.7303,37.7225,1135.38,False,117.5,37.17,-1.63,,1318.26,,False,0
4692d1,AEE4GI,Greece,2026-09-07 09:06:08,2026-09-07 09:06:08,23.6614,39.6141,6065.52,False,203.88,332.34,-12.68,,6560.82,,False,0
4692ce,AEE308,Greece,2026-09-07 09:06:07,2026-09-07 09:06:09,25.1486,36.1576,3825.24,False,211.2,162.71,-5.53,,4145.28,,False,0
348212,IBB5752,Spain,2026-09-07 09:06:09,2026-09-07 09:06:09,-8.6232,36.1598,12192.0,False,228.82,45.46,0.0,,12877.8,6211,False,0
4728da,DNC2HP,Hungary,2026-09-07 09:06:08,2026-09-07 09:06:08,-2.4059,36.836,213.36,False,48.16,256.41,4.23,,342.9,,False,0
3c79b9,CFG7EV,Germany,2026-09-07 09:06:08,2026-09-07 09:06:09,22.1262,37.5309,10363.2,False,231.19,306.77,0.0,,11033.76,,False,0
4d203b,CYF108,Malta,2026-09-07 09:06:09,2026-09-07 09:06:09,33.7601,34.6696,2941.32,False,156.69,169.02,10.73,,3116.58,,False,0
00afad,LNK121Q,South Africa,2026-09-07 09:06:08,2026-09-07 09:06:08,28.063,-26.2319,3253.74,False,124.82,200.0,-4.55,,3520.44,,False,0
3c79c1,SDR41JJ,Germany,2026-09-07 09:06:08,2026-09-07 09:06:08,25.042,37.0295,9174.48,False,226.94,161.77,-10.08,,9806.94,7620,False,0
4d2043,HAT3631,Malta,2026-09-07 09:06:09,2026-09-07 09:06:09,11.7025,39.3678,10355.58,False,233.59,3.91,0.0,,,6152,False,0
711537,SVA204,Saudi Arabia,2026-09-07 09:06:08,2026-09-07 09:06:08,15.5031,39.261,10058.4,False,224.8,128.5,0.33,,10721.34,,False,0
4d2022,WMT7Q,Malta,2026-09-07 09:06:08,2026-09-07 09:06:08,12.7481,38.8698,6560.82,False,195.43,349.07,8.78,,7048.5,1000,False,0
4b9065,PGT1863,Turkey,2026-09-07 09:03:00,2026-09-07 09:03:00,27.4604,37.655,3070.86,False,156.05,335.04,-10.08,,3489.96,2571,False,0
04c332,KQA464,Kenya,2026-09-07 09:04:50,2026-09-07 09:04:50,36.9222,-1.3308,,True,0.0,354.38,,,,,False,0
04c306,5YSLQ,Kenya,2026-09-07 09:06:08,2026-09-07 09:06:08,36.1564,-1.3542,3962.4,False,83.87,88.95,0.0,,4229.1,,False,0
800cc7,AIC2388,India,2026-09-07 09:06:08,2026-09-07 09:06:08,84.0312,23.3034,10043.16,False,231.72,146.13,0.0,,10690.86,6352,False,0
800cbe,IGO4EP,India,2026-09-07 09:06:08,2026-09-07 09:06:08,80.1979,13.0016,480.06,False,78.28,70.02,1.3,,449.58,,False,0
3481c4,VOE2YW,Spain,2026-09-07 09:06:09,2026-09-07 09:06:09,16.1752,38.517,11887.2,False,244.4,89.04,0.33,,12595.86,0212,False,0
800cff,AIC1RG,India,2026-09-07 09:04:38,2026-09-07 09:04:38,74.082,26.092,11582.4,False,223.78,191.67,-0.33,,12329.16,,False,0
4caa57,RYR96QQ,Ireland,2026-09-07 09:06:08,2026-09-07 09:06:09,22.2543,37.4568,11277.6,False,252.72,127.64,0.0,,11971.02,0237,False,0
e94c88,BOV776,Bolivia,2026-09-07 09:06:08,2026-09-07 09:06:09,-11.3086,36.0816,12192.0,False,249.91,44.58,0.0,,12900.66,,False,0
